timepoint,condition,dose,contrast,path,pathway,k,n_sig,up_n,down_n,signed_sum,mean_lfc,score_norm
10 h,1g,6.5,1g_6.5,ko00030,Pentose phosphate pathway,3,3,0,3,-6.74270224088741,-2.247567413629137,-3.8929009538418393
10 h,1g,6.5,1g_6.5,ko00040,Pentose and glucuronate interconversions,2,2,0,2,-3.75325593977018,-1.87662796988509,-2.6539527265401825
10 h,1g,6.5,1g_6.5,ko00052,Galactose metabolism,1,1,0,1,-1.04106144652242,-1.04106144652242,-1.04106144652242
10 h,1g,6.5,1g_6.5,ko00061,Fatty acid biosynthesis,1,1,0,1,-1.07192124499022,-1.07192124499022,-1.07192124499022
10 h,1g,6.5,1g_6.5,ko00071,Fatty acid degradation,1,1,0,1,-1.44385389635848,-1.44385389635848,-1.44385389635848
10 h,1g,6.5,1g_6.5,ko00130,Ubiquinone and other terpenoid-quinone biosynthesis,1,1,1,0,1.76700942698302,1.76700942698302,1.76700942698302
10 h,1g,6.5,1g_6.5,ko00330,Arginine and proline metabolism,1,1,0,1,-1.00424624017157,-1.00424624017157,-1.00424624017157
10 h,1g,6.5,1g_6.5,ko00332,Carbapenem biosynthesis,1,1,0,1,-1.00424624017157,-1.00424624017157,-1.00424624017157
10 h,1g,6.5,1g_6.5,ko00380,Tryptophan metabolism,3,3,0,3,-4.96598461034059,-1.6553282034468633,-2.8671125515716787
10 h,1g,6.5,1g_6.5,ko00480,Glutathione metabolism,1,1,0,1,-1.53416241450981,-1.53416241450981,-1.53416241450981
10 h,1g,6.5,1g_6.5,ko00500,Starch and sucrose metabolism,2,2,0,2,-2.24179882063875,-1.120899410319375,-1.5851911481296648
10 h,1g,6.5,1g_6.5,ko00520,Amino sugar and nucleotide sugar metabolism,1,1,0,1,-1.04106144652242,-1.04106144652242,-1.04106144652242
10 h,1g,6.5,1g_6.5,ko00564,Glycerophospholipid metabolism,1,1,0,1,-1.09714047416866,-1.09714047416866,-1.09714047416866
10 h,1g,6.5,1g_6.5,ko00620,Pyruvate metabolism,1,1,0,1,-2.16932626732067,-2.16932626732067,-2.16932626732067
10 h,1g,6.5,1g_6.5,ko00627,Aminobenzoate degradation,1,1,0,1,-1.44385389635848,-1.44385389635848,-1.44385389635848
10 h,1g,6.5,1g_6.5,ko00630,Glyoxylate and dicarboxylate metabolism,3,3,0,3,-5.71099378009285,-1.9036645933642833,-3.2972437962768857
10 h,1g,6.5,1g_6.5,ko00650,Butanoate metabolism,1,1,0,1,-1.65723162790278,-1.65723162790278,-1.65723162790278
10 h,1g,6.5,1g_6.5,ko00680,Methane metabolism,1,1,0,1,-2.18886306611074,-2.18886306611074,-2.18886306611074
10 h,1g,6.5,1g_6.5,ko00780,Biotin metabolism,1,1,0,1,-1.07192124499022,-1.07192124499022,-1.07192124499022
10 h,1g,6.5,1g_6.5,ko00910,Nitrogen metabolism,1,1,0,1,-1.23753860739687,-1.23753860739687,-1.23753860739687
10 h,1g,6.5,1g_6.5,ko01053,Biosynthesis of siderophore group nonribosomal peptides,3,3,3,0,5.00092730388578,1.6669757679619268,2.887286725096205
10 h,1g,6.5,1g_6.5,ko01100,Metabolic pathways,14,14,1,13,-19.43420601992534,-1.38815757285181,-5.194010036467161
10 h,1g,6.5,1g_6.5,ko01110,Biosynthesis of secondary metabolites,9,9,3,6,-5.54964822672647,-0.6166275807473856,-1.8498827422421567
10 h,1g,6.5,1g_6.5,ko01120,Microbial metabolism in diverse environments,6,6,0,6,-11.62074543389292,-1.93679090564882,-4.744149457302527
10 h,1g,6.5,1g_6.5,ko01200,Carbon metabolism,6,6,0,6,-12.45369602098026,-2.07561600349671,-5.084200110521805
10 h,1g,6.5,1g_6.5,ko01212,Fatty acid metabolism,1,1,0,1,-1.07192124499022,-1.07192124499022,-1.07192124499022
10 h,1g,6.5,1g_6.5,ko01230,Biosynthesis of amino acids,1,1,0,1,-1.00424624017157,-1.00424624017157,-1.00424624017157
10 h,1g,6.5,1g_6.5,ko01240,Biosynthesis of cofactors,1,1,0,1,-1.07192124499022,-1.07192124499022,-1.07192124499022
10 h,1g,6.5,1g_6.5,ko01250,Biosynthesis of nucleotide sugars,1,1,0,1,-1.04106144652242,-1.04106144652242,-1.04106144652242
10 h,1g,6.5,1g_6.5,ko02010,ABC transporters,12,12,4,8,-7.320061966316249,-0.6100051638596875,-2.113119873368714
10 h,1g,6.5,1g_6.5,ko02020,Two-component system,6,6,1,5,-11.70855913564823,-1.9514265226080383,-4.779999250923436
10 h,1g,6.5,1g_6.5,ko02024,Quorum sensing,2,2,0,2,-3.27570537277821,-1.637852686389105,-2.3162734822606796
10 h,1g,6.5,1g_6.5,ko02026,Biofilm formation,1,1,0,1,-1.63350879704835,-1.63350879704835,-1.63350879704835
10 h,1g,6.5,1g_6.5,ko02030,Bacterial chemotaxis,2,2,2,0,2.38630000079801,1.193150000399005,1.6873689125097364
10 h,1g,6.5,1g_6.5,ko02040,Flagellar assembly,9,9,9,0,10.57069928496183,1.1745221427735366,3.52356642832061
10 h,1g,6.5,1g_6.5,ko02060,Phosphotransferase system (PTS),1,1,0,1,-1.12330129842048,-1.12330129842048,-1.12330129842048
10 h,1g,6.5,1g_6.5,ko03018,RNA degradation,1,1,0,1,-1.30874604003099,-1.30874604003099,-1.30874604003099
10 h,1g,6.5,1g_6.5,ko03410,Base excision repair,1,1,0,1,-1.68013209042854,-1.68013209042854,-1.68013209042854
10 h,1g,6.5,1g_6.5,ko03420,Nucleotide excision repair,2,2,0,2,-2.12554644695369,-1.062773223476845,-1.5029883063679264
10 h,1g,6.5,1g_6.5,ko04011,MAPK signaling pathway,2,2,0,2,-3.52213071398211,-1.761065356991055,-2.4905225120821664
10 h,1g,6.5,1g_6.5,ko04016,MAPK signaling pathway,2,2,0,2,-3.52213071398211,-1.761065356991055,-2.4905225120821664
10 h,1g,6.5,1g_6.5,ko04068,FoxO signaling pathway,2,2,0,2,-3.52213071398211,-1.761065356991055,-2.4905225120821664
10 h,1g,6.5,1g_6.5,ko04146,Peroxisome,2,2,0,2,-3.52213071398211,-1.761065356991055,-2.4905225120821664
10 h,1g,6.5,1g_6.5,ko04211,Longevity regulating pathway,2,2,0,2,-3.52213071398211,-1.761065356991055,-2.4905225120821664
10 h,1g,6.5,1g_6.5,ko04212,Longevity regulating pathway,2,2,0,2,-3.52213071398211,-1.761065356991055,-2.4905225120821664
10 h,1g,6.5,1g_6.5,ko04213,Longevity regulating pathway,2,2,0,2,-3.52213071398211,-1.761065356991055,-2.4905225120821664
10 h,1g,6.5,1g_6.5,ko04978,Mineral absorption,1,1,0,1,-1.23546803466375,-1.23546803466375,-1.23546803466375
10 h,1g,6.5,1g_6.5,ko05014,Amyotrophic lateral sclerosis,2,2,0,2,-3.52213071398211,-1.761065356991055,-2.4905225120821664
10 h,1g,6.5,1g_6.5,ko05022,Pathways of neurodegeneration,2,2,0,2,-3.52213071398211,-1.761065356991055,-2.4905225120821664
10 h,1g,6.5,1g_6.5,ko05208,Chemical carcinogenesis,2,2,0,2,-3.52213071398211,-1.761065356991055,-2.4905225120821664
10 h,1g,13,1g_13,ko00010,Glycolysis / Gluconeogenesis,2,2,0,2,-4.24791611751455,-2.123958058757275,-3.003730292606169
10 h,1g,13,1g_13,ko00030,Pentose phosphate pathway,2,2,0,2,-2.66802618703935,-1.334013093519675,-1.8865794092388122
10 h,1g,13,1g_13,ko00240,Pyrimidine metabolism,1,1,0,1,-1.76079250297612,-1.76079250297612,-1.76079250297612
10 h,1g,13,1g_13,ko00250,"Alanine, aspartate and glutamate metabolism",2,2,0,2,-2.83196717660329,-1.415983588301645,-2.002503194673907
10 h,1g,13,1g_13,ko00270,Cysteine and methionine metabolism,1,1,1,0,1.14646022419304,1.14646022419304,1.14646022419304
10 h,1g,13,1g_13,ko00340,Histidine metabolism,1,1,1,0,1.08855397886887,1.08855397886887,1.08855397886887
10 h,1g,13,1g_13,ko00450,Selenocompound metabolism,1,1,1,0,1.14646022419304,1.14646022419304,1.14646022419304
10 h,1g,13,1g_13,ko00480,Glutathione metabolism,1,1,0,1,-1.07928961130342,-1.07928961130342,-1.07928961130342
10 h,1g,13,1g_13,ko00520,Amino sugar and nucleotide sugar metabolism,1,1,0,1,-2.73989384571335,-2.73989384571335,-2.73989384571335
10 h,1g,13,1g_13,ko00550,Peptidoglycan biosynthesis,1,1,1,0,1.13712579808434,1.13712579808434,1.13712579808434
10 h,1g,13,1g_13,ko00710,Carbon fixation by Calvin cycle,1,1,0,1,-1.5080222718012,-1.5080222718012,-1.5080222718012
10 h,1g,13,1g_13,ko00910,Nitrogen metabolism,2,2,0,2,-2.20851299970413,-1.104256499852065,-1.5616545184294337
10 h,1g,13,1g_13,ko01100,Metabolic pathways,11,11,3,8,-8.58428247971507,-0.7803893163377337,-2.5882585526942297
10 h,1g,13,1g_13,ko01110,Biosynthesis of secondary metabolites,4,4,1,3,-3.02958823464751,-0.7573970586618775,-1.514794117323755
10 h,1g,13,1g_13,ko01120,Microbial metabolism in diverse environments,5,5,0,5,-6.384561458544679,-1.276912291708936,-2.8552626855662213
10 h,1g,13,1g_13,ko01200,Carbon metabolism,3,3,0,3,-4.176048458840549,-1.39201615294685,-2.411042701860513
10 h,1g,13,1g_13,ko01230,Biosynthesis of amino acids,2,2,1,1,-0.36156204760816,-0.18078102380408,-0.2556629756834233
10 h,1g,13,1g_13,ko01240,Biosynthesis of cofactors,1,1,0,1,-1.76079250297612,-1.76079250297612,-1.76079250297612
10 h,1g,13,1g_13,ko01310,Nitrogen cycle,2,2,0,2,-2.20851299970413,-1.104256499852065,-1.5616545184294337
10 h,1g,13,1g_13,ko02010,ABC transporters,4,4,1,3,-2.4211657657960295,-0.6052914414490074,-1.2105828828980147
10 h,1g,13,1g_13,ko02020,Two-component system,3,3,0,3,-9.34638896816894,-3.1154629893896466,-5.3961401867232865
10 h,1g,13,1g_13,ko02060,Phosphotransferase system (PTS),1,1,0,1,-2.73989384571335,-2.73989384571335,-2.73989384571335
10 h,1g,13,1g_13,ko03010,Ribosome,1,1,0,1,-1.14140971646213,-1.14140971646213,-1.14140971646213
10 h,1g,13,1g_13,ko04066,HIF-1 signaling pathway,1,1,0,1,-1.5080222718012,-1.5080222718012,-1.5080222718012
10 h,1g,13,1g_13,ko05010,Alzheimer disease,1,1,0,1,-1.5080222718012,-1.5080222718012,-1.5080222718012
10 h,1g,13,1g_13,ko05130,Pathogenic Escherichia coli infection,1,1,0,1,-1.5080222718012,-1.5080222718012,-1.5080222718012
10 h,1g,13,1g_13,ko05132,Salmonella infection,1,1,0,1,-1.5080222718012,-1.5080222718012,-1.5080222718012
10 h,1g,13,1g_13,ko05415,Diabetic cardiomyopathy,1,1,0,1,-1.5080222718012,-1.5080222718012,-1.5080222718012
10 h,1g,19.5,1g_19.5,ko00010,Glycolysis / Gluconeogenesis,2,2,0,2,-3.57827329305081,-1.789136646525405,-2.530221310454946
10 h,1g,19.5,1g_19.5,ko00052,Galactose metabolism,1,1,1,0,1.20124275830325,1.20124275830325,1.20124275830325
10 h,1g,19.5,1g_19.5,ko00190,Oxidative phosphorylation,1,1,0,1,-1.70034844215489,-1.70034844215489,-1.70034844215489
10 h,1g,19.5,1g_19.5,ko00220,Arginine biosynthesis,1,1,1,0,1.05000321064415,1.05000321064415,1.05000321064415
10 h,1g,19.5,1g_19.5,ko00230,Purine metabolism,1,1,1,0,1.05000321064415,1.05000321064415,1.05000321064415
10 h,1g,19.5,1g_19.5,ko00250,"Alanine, aspartate and glutamate metabolism",3,3,3,0,3.93732996844512,1.31244332281504,2.273218517170171
10 h,1g,19.5,1g_19.5,ko00330,Arginine and proline metabolism,1,1,1,0,1.10362077406494,1.10362077406494,1.10362077406494
10 h,1g,19.5,1g_19.5,ko00500,Starch and sucrose metabolism,1,1,0,1,-1.64972380695921,-1.64972380695921,-1.64972380695921
10 h,1g,19.5,1g_19.5,ko00520,Amino sugar and nucleotide sugar metabolism,1,1,0,1,-2.40083390239784,-2.40083390239784,-2.40083390239784
10 h,1g,19.5,1g_19.5,ko00521,Streptomycin biosynthesis,1,1,1,0,1.1077865181542,1.1077865181542,1.1077865181542
10 h,1g,19.5,1g_19.5,ko00562,Inositol phosphate metabolism,2,2,2,0,2.41743708797941,1.208718543989705,1.7093861580021013
10 h,1g,19.5,1g_19.5,ko00564,Glycerophospholipid metabolism,1,1,0,1,-1.02587935645506,-1.02587935645506,-1.02587935645506
10 h,1g,19.5,1g_19.5,ko00710,Carbon fixation by Calvin cycle,1,1,0,1,-1.17743939065297,-1.17743939065297,-1.17743939065297
10 h,1g,19.5,1g_19.5,ko00791,Atrazine degradation,1,1,1,0,1.05000321064415,1.05000321064415,1.05000321064415
10 h,1g,19.5,1g_19.5,ko00860,Porphyrin metabolism,2,2,0,2,-2.7809347278542003,-1.3904673639271001,-1.966417804102871
10 h,1g,19.5,1g_19.5,ko00910,Nitrogen metabolism,4,4,2,2,0.4340347084075302,0.1085086771018825,0.2170173542037651
10 h,1g,19.5,1g_19.5,ko00920,Sulfur metabolism,1,1,0,1,-1.44406445256361,-1.44406445256361,-1.44406445256361
10 h,1g,19.5,1g_19.5,ko01100,Metabolic pathways,12,12,6,6,-1.3541122398089818,-0.11284268665074833,-0.3908985330833414
10 h,1g,19.5,1g_19.5,ko01110,Biosynthesis of secondary metabolites,6,6,3,3,-0.016878405972790445,-0.0028130676621317408,-0.006890580384146755
10 h,1g,19.5,1g_19.5,ko01120,Microbial metabolism in diverse environments,9,9,5,4,1.64344933067881,0.18260548118653436,0.5478164435596033
10 h,1g,19.5,1g_19.5,ko01200,Carbon metabolism,1,1,0,1,-1.17743939065297,-1.17743939065297,-1.17743939065297
10 h,1g,19.5,1g_19.5,ko01230,Biosynthesis of amino acids,3,3,2,1,1.65626980372721,0.5520899345757366,0.9562478170325535
10 h,1g,19.5,1g_19.5,ko01240,Biosynthesis of cofactors,2,2,0,2,-2.7809347278542003,-1.3904673639271001,-1.966417804102871
10 h,1g,19.5,1g_19.5,ko01310,Nitrogen cycle,2,2,0,2,-2.3996744859726498,-1.1998372429863249,-1.6968261016716033
10 h,1g,19.5,1g_19.5,ko02010,ABC transporters,4,4,1,3,-3.44687621778189,-0.8617190544454725,-1.723438108890945
10 h,1g,19.5,1g_19.5,ko02020,Two-component system,4,4,0,4,-8.88715284629284,-2.2217882115732097,-4.44357642314642
10 h,1g,19.5,1g_19.5,ko02060,Phosphotransferase system (PTS),2,2,0,2,-4.05055770935705,-2.025278854678525,-2.8641768238738186
10 h,1g,19.5,1g_19.5,ko03010,Ribosome,1,1,0,1,-1.10509695994351,-1.10509695994351,-1.10509695994351
10 h,1g,19.5,1g_19.5,ko04066,HIF-1 signaling pathway,1,1,0,1,-1.17743939065297,-1.17743939065297,-1.17743939065297
10 h,1g,19.5,1g_19.5,ko04714,Thermogenesis,1,1,0,1,-1.70034844215489,-1.70034844215489,-1.70034844215489
10 h,1g,19.5,1g_19.5,ko04978,Mineral absorption,1,1,0,1,-1.05510794185459,-1.05510794185459,-1.05510794185459
10 h,1g,19.5,1g_19.5,ko05010,Alzheimer disease,1,1,0,1,-1.17743939065297,-1.17743939065297,-1.17743939065297
10 h,1g,19.5,1g_19.5,ko05130,Pathogenic Escherichia coli infection,1,1,0,1,-1.17743939065297,-1.17743939065297,-1.17743939065297
10 h,1g,19.5,1g_19.5,ko05132,Salmonella infection,1,1,0,1,-1.17743939065297,-1.17743939065297,-1.17743939065297
10 h,1g,19.5,1g_19.5,ko05415,Diabetic cardiomyopathy,1,1,0,1,-1.17743939065297,-1.17743939065297,-1.17743939065297
10 h,SMG,0,SMG_0,ko00010,Glycolysis / Gluconeogenesis,1,1,1,0,1.00831756549877,1.00831756549877,1.00831756549877
10 h,SMG,0,SMG_0,ko00020,Citrate cycle (TCA cycle),1,1,1,0,1.00831756549877,1.00831756549877,1.00831756549877
10 h,SMG,0,SMG_0,ko00030,Pentose phosphate pathway,1,1,0,1,-1.54173332428626,-1.54173332428626,-1.54173332428626
10 h,SMG,0,SMG_0,ko00040,Pentose and glucuronate interconversions,1,1,0,1,-1.59263678827577,-1.59263678827577,-1.59263678827577
10 h,SMG,0,SMG_0,ko00053,Ascorbate and aldarate metabolism,1,1,0,1,-1.22021875782406,-1.22021875782406,-1.22021875782406
10 h,SMG,0,SMG_0,ko00061,Fatty acid biosynthesis,2,2,2,0,2.24424619789991,1.122123098949955,1.586921705187153
10 h,SMG,0,SMG_0,ko00074,Mycolic acid biosynthesis,1,1,1,0,1.06915805880463,1.06915805880463,1.06915805880463
10 h,SMG,0,SMG_0,ko00130,Ubiquinone and other terpenoid-quinone biosynthesis,1,1,1,0,2.1295019012948,2.1295019012948,2.1295019012948
10 h,SMG,0,SMG_0,ko00230,Purine metabolism,1,1,1,0,1.30188761567272,1.30188761567272,1.30188761567272
10 h,SMG,0,SMG_0,ko00240,Pyrimidine metabolism,1,1,1,0,1.30188761567272,1.30188761567272,1.30188761567272
10 h,SMG,0,SMG_0,ko00260,"Glycine, serine and threonine metabolism",2,2,1,1,-0.98722933562163,-0.493614667810815,-0.6980765578043445
10 h,SMG,0,SMG_0,ko00280,"Valine, leucine and isoleucine degradation",1,1,1,0,1.00831756549877,1.00831756549877,1.00831756549877
10 h,SMG,0,SMG_0,ko00310,Lysine degradation,1,1,1,0,1.00831756549877,1.00831756549877,1.00831756549877
10 h,SMG,0,SMG_0,ko00333,Prodigiosin biosynthesis,2,2,2,0,2.24424619789991,1.122123098949955,1.586921705187153
10 h,SMG,0,SMG_0,ko00340,Histidine metabolism,2,2,0,2,-3.68663902186179,-1.843319510930895,-2.6068474521454124
10 h,SMG,0,SMG_0,ko00380,Tryptophan metabolism,1,1,1,0,1.00831756549877,1.00831756549877,1.00831756549877
10 h,SMG,0,SMG_0,ko00405,Phenazine biosynthesis,1,1,0,1,-1.69156237118817,-1.69156237118817,-1.69156237118817
10 h,SMG,0,SMG_0,ko00480,Glutathione metabolism,1,1,0,1,-1.54173332428626,-1.54173332428626,-1.54173332428626
10 h,SMG,0,SMG_0,ko00520,Amino sugar and nucleotide sugar metabolism,1,1,0,1,-1.31892874775547,-1.31892874775547,-1.31892874775547
10 h,SMG,0,SMG_0,ko00620,Pyruvate metabolism,1,1,1,0,1.00831756549877,1.00831756549877,1.00831756549877
10 h,SMG,0,SMG_0,ko00630,Glyoxylate and dicarboxylate metabolism,1,1,1,0,1.00831756549877,1.00831756549877,1.00831756549877
10 h,SMG,0,SMG_0,ko00640,Propanoate metabolism,1,1,1,0,1.00831756549877,1.00831756549877,1.00831756549877
10 h,SMG,0,SMG_0,ko00670,One carbon pool by folate,1,1,1,0,1.00831756549877,1.00831756549877,1.00831756549877
10 h,SMG,0,SMG_0,ko00780,Biotin metabolism,1,1,1,0,1.17508813909528,1.17508813909528,1.17508813909528
10 h,SMG,0,SMG_0,ko00785,Lipoic acid metabolism,2,2,1,1,-0.35012683476783013,-0.17506341738391507,-0.24757705913971453
10 h,SMG,0,SMG_0,ko00970,Aminoacyl-tRNA biosynthesis,3,3,3,0,4.50929087710778,1.5030969590359267,2.6034403017525007
10 h,SMG,0,SMG_0,ko01053,Biosynthesis of siderophore group nonribosomal peptides,3,3,3,0,6.48247826173906,2.1608260872463534,3.742660569430944
10 h,SMG,0,SMG_0,ko01100,Metabolic pathways,14,14,5,9,-7.72175703221232,-0.5515540737294514,-2.063726374175061
10 h,SMG,0,SMG_0,ko01110,Biosynthesis of secondary metabolites,8,8,6,2,6.50174632966331,0.8127182912079137,2.298714459629836
10 h,SMG,0,SMG_0,ko01120,Microbial metabolism in diverse environments,2,2,1,1,-0.5334157587874901,-0.2667078793937451,-0.377181900230402
10 h,SMG,0,SMG_0,ko01200,Carbon metabolism,2,2,1,1,-0.5334157587874901,-0.2667078793937451,-0.377181900230402
10 h,SMG,0,SMG_0,ko01210,2-Oxocarboxylic acid metabolism,1,1,1,0,1.00831756549877,1.00831756549877,1.00831756549877
10 h,SMG,0,SMG_0,ko01212,Fatty acid metabolism,2,2,2,0,2.24424619789991,1.122123098949955,1.586921705187153
10 h,SMG,0,SMG_0,ko01232,Nucleotide metabolism,1,1,1,0,1.30188761567272,1.30188761567272,1.30188761567272
10 h,SMG,0,SMG_0,ko01240,Biosynthesis of cofactors,3,3,2,1,0.82496130432745,0.2749871014424833,0.47629163112447803
10 h,SMG,0,SMG_0,ko02010,ABC transporters,12,12,5,7,-1.13895898663782,-0.09491324888648496,-0.3287891387656444
10 h,SMG,0,SMG_0,ko02020,Two-component system,6,6,5,1,5.8873568966382805,0.9812261494397133,2.403503388403212
10 h,SMG,0,SMG_0,ko02024,Quorum sensing,1,1,0,1,-1.69156237118817,-1.69156237118817,-1.69156237118817
10 h,SMG,0,SMG_0,ko02025,Biofilm formation,1,1,1,0,1.36954335379994,1.36954335379994,1.36954335379994
10 h,SMG,0,SMG_0,ko02026,Biofilm formation,2,2,1,1,0.08713497703843998,0.04356748851921999,0.061613733142415014
10 h,SMG,0,SMG_0,ko02030,Bacterial chemotaxis,6,6,6,0,9.866425502062889,1.644404250343815,4.027951344206236
10 h,SMG,0,SMG_0,ko02040,Flagellar assembly,4,4,4,0,5.91222403889044,1.4780560097226099,2.95611201944522
10 h,SMG,0,SMG_0,ko03410,Base excision repair,1,1,0,1,-2.26350603028737,-2.26350603028737,-2.26350603028737
10 h,SMG,0,SMG_0,ko04382,Cornified envelope formation,1,1,0,1,-1.98670794572451,-1.98670794572451,-1.98670794572451
10 h,SMG,0,SMG_0,ko04978,Mineral absorption,1,1,0,1,-2.14729819539386,-2.14729819539386,-2.14729819539386
10 h,SMG,0,SMG_0,ko05111,Biofilm formation,1,1,1,0,1.36954335379994,1.36954335379994,1.36954335379994
10 h,SMG,6.5,SMG_6.5,ko00052,Galactose metabolism,1,1,1,0,1.89631917238564,1.89631917238564,1.89631917238564
10 h,SMG,6.5,SMG_6.5,ko00230,Purine metabolism,1,1,1,0,1.24787566338762,1.24787566338762,1.24787566338762
10 h,SMG,6.5,SMG_6.5,ko00240,Pyrimidine metabolism,1,1,1,0,1.24787566338762,1.24787566338762,1.24787566338762
10 h,SMG,6.5,SMG_6.5,ko00260,"Glycine, serine and threonine metabolism",1,1,0,1,-1.12890065470738,-1.12890065470738,-1.12890065470738
10 h,SMG,6.5,SMG_6.5,ko00280,"Valine, leucine and isoleucine degradation",1,1,0,1,-1.15709279565263,-1.15709279565263,-1.15709279565263
10 h,SMG,6.5,SMG_6.5,ko00380,Tryptophan metabolism,1,1,0,1,-2.05073780202575,-2.05073780202575,-2.05073780202575
10 h,SMG,6.5,SMG_6.5,ko00410,beta-Alanine metabolism,1,1,0,1,-1.15709279565263,-1.15709279565263,-1.15709279565263
10 h,SMG,6.5,SMG_6.5,ko00561,Glycerolipid metabolism,1,1,1,0,1.51477407633688,1.51477407633688,1.51477407633688
10 h,SMG,6.5,SMG_6.5,ko00562,Inositol phosphate metabolism,2,2,0,2,-2.24722301261029,-1.123611506305145,-1.5890266310551984
10 h,SMG,6.5,SMG_6.5,ko00630,Glyoxylate and dicarboxylate metabolism,1,1,0,1,-2.05073780202575,-2.05073780202575,-2.05073780202575
10 h,SMG,6.5,SMG_6.5,ko00640,Propanoate metabolism,1,1,0,1,-1.15709279565263,-1.15709279565263,-1.15709279565263
10 h,SMG,6.5,SMG_6.5,ko01100,Metabolic pathways,6,6,2,4,-2.6642117296189203,-0.4440352882698201,-1.087659884050696
10 h,SMG,6.5,SMG_6.5,ko01110,Biosynthesis of secondary metabolites,2,2,1,1,-0.5359637256888701,-0.26798186284443504,-0.3789835849046066
10 h,SMG,6.5,SMG_6.5,ko01120,Microbial metabolism in diverse environments,2,2,0,2,-2.24722301261029,-1.123611506305145,-1.5890266310551984
10 h,SMG,6.5,SMG_6.5,ko01200,Carbon metabolism,2,2,0,2,-3.20783059767838,-1.60391529883919,-2.268278768516078
10 h,SMG,6.5,SMG_6.5,ko01232,Nucleotide metabolism,1,1,1,0,1.24787566338762,1.24787566338762,1.24787566338762
10 h,SMG,6.5,SMG_6.5,ko02010,ABC transporters,3,3,3,0,4.73229825622711,1.5774327520757032,2.7321936721183184
10 h,SMG,6.5,SMG_6.5,ko02020,Two-component system,3,3,0,3,-7.72558610947198,-2.5751953698239936,-4.460369219951281
10 h,SMG,6.5,SMG_6.5,ko04011,MAPK signaling pathway,1,1,0,1,-2.05073780202575,-2.05073780202575,-2.05073780202575
10 h,SMG,6.5,SMG_6.5,ko04016,MAPK signaling pathway,1,1,0,1,-2.05073780202575,-2.05073780202575,-2.05073780202575
10 h,SMG,6.5,SMG_6.5,ko04068,FoxO signaling pathway,1,1,0,1,-2.05073780202575,-2.05073780202575,-2.05073780202575
10 h,SMG,6.5,SMG_6.5,ko04146,Peroxisome,1,1,0,1,-2.05073780202575,-2.05073780202575,-2.05073780202575
10 h,SMG,6.5,SMG_6.5,ko04211,Longevity regulating pathway,1,1,0,1,-2.05073780202575,-2.05073780202575,-2.05073780202575
10 h,SMG,6.5,SMG_6.5,ko04212,Longevity regulating pathway,1,1,0,1,-2.05073780202575,-2.05073780202575,-2.05073780202575
10 h,SMG,6.5,SMG_6.5,ko04213,Longevity regulating pathway,1,1,0,1,-2.05073780202575,-2.05073780202575,-2.05073780202575
10 h,SMG,6.5,SMG_6.5,ko05014,Amyotrophic lateral sclerosis,1,1,0,1,-2.05073780202575,-2.05073780202575,-2.05073780202575
10 h,SMG,6.5,SMG_6.5,ko05022,Pathways of neurodegeneration,1,1,0,1,-2.05073780202575,-2.05073780202575,-2.05073780202575
10 h,SMG,6.5,SMG_6.5,ko05208,Chemical carcinogenesis,1,1,0,1,-2.05073780202575,-2.05073780202575,-2.05073780202575
10 h,SMG,13,SMG_13,ko00010,Glycolysis / Gluconeogenesis,3,3,0,3,-4.79915460362403,-1.59971820120801,-2.7707932022849655
10 h,SMG,13,SMG_13,ko00020,Citrate cycle (TCA cycle),1,1,0,1,-1.29825380459378,-1.29825380459378,-1.29825380459378
10 h,SMG,13,SMG_13,ko00030,Pentose phosphate pathway,2,2,0,2,-2.3324441420631796,-1.1662220710315898,-1.6492870695917132
10 h,SMG,13,SMG_13,ko00051,Fructose and mannose metabolism,2,2,0,2,-5.16243908309405,-2.581219541547025,-3.650395683118265
10 h,SMG,13,SMG_13,ko00071,Fatty acid degradation,1,1,0,1,-1.18644640413616,-1.18644640413616,-1.18644640413616
10 h,SMG,13,SMG_13,ko00190,Oxidative phosphorylation,1,1,0,1,-1.37666151546602,-1.37666151546602,-1.37666151546602
10 h,SMG,13,SMG_13,ko00250,"Alanine, aspartate and glutamate metabolism",2,2,0,2,-2.2610779311078497,-1.1305389655539249,-1.5988235378776097
10 h,SMG,13,SMG_13,ko00260,"Glycine, serine and threonine metabolism",1,1,0,1,-1.29825380459378,-1.29825380459378,-1.29825380459378
10 h,SMG,13,SMG_13,ko00270,Cysteine and methionine metabolism,1,1,0,1,-1.40334509921055,-1.40334509921055,-1.40334509921055
10 h,SMG,13,SMG_13,ko00280,"Valine, leucine and isoleucine degradation",2,2,0,2,-2.48470020872994,-1.24235010436497,-1.7569483668085706
10 h,SMG,13,SMG_13,ko00310,Lysine degradation,1,1,0,1,-1.29825380459378,-1.29825380459378,-1.29825380459378
10 h,SMG,13,SMG_13,ko00362,Benzoate degradation,1,1,0,1,-1.18644640413616,-1.18644640413616,-1.18644640413616
10 h,SMG,13,SMG_13,ko00380,Tryptophan metabolism,1,1,0,1,-1.29825380459378,-1.29825380459378,-1.29825380459378
10 h,SMG,13,SMG_13,ko00470,D-Amino acid metabolism,1,1,0,1,-1.19331291551781,-1.19331291551781,-1.19331291551781
10 h,SMG,13,SMG_13,ko00520,Amino sugar and nucleotide sugar metabolism,2,2,0,2,-3.21107143639874,-1.60553571819937,-2.2705703875519765
10 h,SMG,13,SMG_13,ko00592,alpha-Linolenic acid metabolism,1,1,0,1,-1.18644640413616,-1.18644640413616,-1.18644640413616
10 h,SMG,13,SMG_13,ko00620,Pyruvate metabolism,2,2,0,2,-2.7015989038043298,-1.3507994519021649,-1.9103189049261848
10 h,SMG,13,SMG_13,ko00630,Glyoxylate and dicarboxylate metabolism,2,2,0,2,-2.35366720759826,-1.17683360379913,-1.664294043149135
10 h,SMG,13,SMG_13,ko00640,Propanoate metabolism,2,2,0,2,-2.7015989038043298,-1.3507994519021649,-1.9103189049261848
10 h,SMG,13,SMG_13,ko00642,Ethylbenzene degradation,1,1,0,1,-1.18644640413616,-1.18644640413616,-1.18644640413616
10 h,SMG,13,SMG_13,ko00670,One carbon pool by folate,1,1,0,1,-1.29825380459378,-1.29825380459378,-1.29825380459378
10 h,SMG,13,SMG_13,ko00785,Lipoic acid metabolism,1,1,0,1,-1.29825380459378,-1.29825380459378,-1.29825380459378
10 h,SMG,13,SMG_13,ko00860,Porphyrin metabolism,2,2,0,2,-2.6183102356816903,-1.3091551178408452,-1.8514249229006705
10 h,SMG,13,SMG_13,ko00907,"Pinene, camphor and geraniol degradation",1,1,0,1,-1.18644640413616,-1.18644640413616,-1.18644640413616
10 h,SMG,13,SMG_13,ko00910,Nitrogen metabolism,2,2,0,2,-3.7403406330109297,-1.8701703165054648,-2.644820225549612
10 h,SMG,13,SMG_13,ko00984,Steroid degradation,1,1,0,1,-1.18644640413616,-1.18644640413616,-1.18644640413616
10 h,SMG,13,SMG_13,ko01054,Nonribosomal peptide structures,1,1,0,1,-1.19331291551781,-1.19331291551781,-1.19331291551781
10 h,SMG,13,SMG_13,ko01100,Metabolic pathways,14,14,0,14,-22.10021303271789,-1.578586645194135,-5.90653038165333
10 h,SMG,13,SMG_13,ko01110,Biosynthesis of secondary metabolites,5,5,0,5,-6.50635554362218,-1.301271108724436,-2.9097306562643586
10 h,SMG,13,SMG_13,ko01120,Microbial metabolism in diverse environments,9,9,0,9,-13.683273255595088,-1.520363695066121,-4.561091085198362
10 h,SMG,13,SMG_13,ko01200,Carbon metabolism,3,3,0,3,-3.63069794665696,-1.2102326488856532,-2.0961844368486173
10 h,SMG,13,SMG_13,ko01210,2-Oxocarboxylic acid metabolism,1,1,0,1,-1.29825380459378,-1.29825380459378,-1.29825380459378
10 h,SMG,13,SMG_13,ko01212,Fatty acid metabolism,1,1,0,1,-1.18644640413616,-1.18644640413616,-1.18644640413616
10 h,SMG,13,SMG_13,ko01240,Biosynthesis of cofactors,3,3,0,3,-3.91656404027547,-1.30552134675849,-2.2612293029514507
10 h,SMG,13,SMG_13,ko01310,Nitrogen cycle,2,2,0,2,-3.7403406330109297,-1.8701703165054648,-2.644820225549612
10 h,SMG,13,SMG_13,ko02010,ABC transporters,3,3,0,3,-3.45478131358787,-1.1515937711959567,-1.9946189213912457
10 h,SMG,13,SMG_13,ko02020,Two-component system,1,1,0,1,-1.37666151546602,-1.37666151546602,-1.37666151546602
10 h,SMG,13,SMG_13,ko02060,Phosphotransferase system (PTS),4,4,0,4,-8.37351051949279,-2.0933776298731974,-4.186755259746395
10 h,SMG,13,SMG_13,ko04066,HIF-1 signaling pathway,1,1,0,1,-1.40334509921055,-1.40334509921055,-1.40334509921055
10 h,SMG,13,SMG_13,ko04714,Thermogenesis,1,1,0,1,-1.37666151546602,-1.37666151546602,-1.37666151546602
10 h,SMG,13,SMG_13,ko04910,Insulin signaling pathway,1,1,0,1,-1.40128299565197,-1.40128299565197,-1.40128299565197
10 h,SMG,13,SMG_13,ko04922,Glucagon signaling pathway,1,1,0,1,-1.40334509921055,-1.40334509921055,-1.40334509921055
10 h,SMG,13,SMG_13,ko05230,Central carbon metabolism in cancer,1,1,0,1,-1.40334509921055,-1.40334509921055,-1.40334509921055
10 h,SMG,19.5,SMG_19.5,ko00030,Pentose phosphate pathway,1,1,1,0,1.13966554205434,1.13966554205434,1.13966554205434
10 h,SMG,19.5,SMG_19.5,ko00051,Fructose and mannose metabolism,1,1,0,1,-1.27893389551333,-1.27893389551333,-1.27893389551333
10 h,SMG,19.5,SMG_19.5,ko00190,Oxidative phosphorylation,1,1,0,1,-1.23437012293139,-1.23437012293139,-1.23437012293139
10 h,SMG,19.5,SMG_19.5,ko00230,Purine metabolism,1,1,1,0,1.00661240083527,1.00661240083527,1.00661240083527
10 h,SMG,19.5,SMG_19.5,ko00240,Pyrimidine metabolism,4,4,4,0,5.150862409817609,1.2877156024544025,2.5754312049088046
10 h,SMG,19.5,SMG_19.5,ko00260,"Glycine, serine and threonine metabolism",1,1,0,1,-1.32550036900961,-1.32550036900961,-1.32550036900961
10 h,SMG,19.5,SMG_19.5,ko00480,Glutathione metabolism,1,1,1,0,1.13966554205434,1.13966554205434,1.13966554205434
10 h,SMG,19.5,SMG_19.5,ko00860,Porphyrin metabolism,1,1,0,1,-1.23437012293139,-1.23437012293139,-1.23437012293139
10 h,SMG,19.5,SMG_19.5,ko01100,Metabolic pathways,8,8,5,3,2.4517235644176196,0.30646544555220245,0.866815178997276
10 h,SMG,19.5,SMG_19.5,ko01110,Biosynthesis of secondary metabolites,2,2,1,1,-0.09470458087704992,-0.04735229043852496,-0.06696625134759182
10 h,SMG,19.5,SMG_19.5,ko01120,Microbial metabolism in diverse environments,1,1,1,0,1.13966554205434,1.13966554205434,1.13966554205434
10 h,SMG,19.5,SMG_19.5,ko01200,Carbon metabolism,1,1,1,0,1.13966554205434,1.13966554205434,1.13966554205434
10 h,SMG,19.5,SMG_19.5,ko01232,Nucleotide metabolism,1,1,1,0,1.00661240083527,1.00661240083527,1.00661240083527
10 h,SMG,19.5,SMG_19.5,ko01240,Biosynthesis of cofactors,4,4,3,1,2.90987988605095,0.7274699715127375,1.454939943025475
10 h,SMG,19.5,SMG_19.5,ko02020,Two-component system,4,4,0,4,-8.00760658088158,-2.001901645220395,-4.00380329044079
10 h,SMG,19.5,SMG_19.5,ko02040,Flagellar assembly,1,1,0,1,-1.06082393026939,-1.06082393026939,-1.06082393026939
10 h,SMG,19.5,SMG_19.5,ko02060,Phosphotransferase system (PTS),1,1,0,1,-1.27893389551333,-1.27893389551333,-1.27893389551333
10 h,SMG,19.5,SMG_19.5,ko03010,Ribosome,1,1,0,1,-1.57635648644485,-1.57635648644485,-1.57635648644485
10 h,SMG,19.5,SMG_19.5,ko04714,Thermogenesis,1,1,0,1,-1.23437012293139,-1.23437012293139,-1.23437012293139
10 h,SMG,19.5,SMG_19.5,ko04978,Mineral absorption,1,1,0,1,-1.27789240981267,-1.27789240981267,-1.27789240981267
3 h,1g,6.5,1g_6.5,ko00250,"Alanine, aspartate and glutamate metabolism",1,1,1,0,1.3123158525067,1.3123158525067,1.3123158525067
3 h,1g,6.5,1g_6.5,ko00910,Nitrogen metabolism,1,1,1,0,1.3123158525067,1.3123158525067,1.3123158525067
3 h,1g,6.5,1g_6.5,ko01100,Metabolic pathways,1,1,1,0,1.3123158525067,1.3123158525067,1.3123158525067
3 h,1g,6.5,1g_6.5,ko01110,Biosynthesis of secondary metabolites,1,1,1,0,1.3123158525067,1.3123158525067,1.3123158525067
3 h,1g,6.5,1g_6.5,ko01120,Microbial metabolism in diverse environments,1,1,1,0,1.3123158525067,1.3123158525067,1.3123158525067
3 h,1g,6.5,1g_6.5,ko01230,Biosynthesis of amino acids,1,1,1,0,1.3123158525067,1.3123158525067,1.3123158525067
3 h,SMG,0,SMG_0,ko00380,Tryptophan metabolism,1,1,0,1,-2.04927575606618,-2.04927575606618,-2.04927575606618
3 h,SMG,0,SMG_0,ko00630,Glyoxylate and dicarboxylate metabolism,1,1,0,1,-2.04927575606618,-2.04927575606618,-2.04927575606618
3 h,SMG,0,SMG_0,ko01100,Metabolic pathways,1,1,0,1,-2.04927575606618,-2.04927575606618,-2.04927575606618
3 h,SMG,0,SMG_0,ko01110,Biosynthesis of secondary metabolites,1,1,0,1,-2.04927575606618,-2.04927575606618,-2.04927575606618
3 h,SMG,0,SMG_0,ko01200,Carbon metabolism,1,1,0,1,-2.04927575606618,-2.04927575606618,-2.04927575606618
3 h,SMG,0,SMG_0,ko02040,Flagellar assembly,2,2,2,0,3.08566771970468,1.54283385985234,2.18189656909161
3 h,SMG,0,SMG_0,ko04011,MAPK signaling pathway,1,1,0,1,-2.04927575606618,-2.04927575606618,-2.04927575606618
3 h,SMG,0,SMG_0,ko04016,MAPK signaling pathway,1,1,0,1,-2.04927575606618,-2.04927575606618,-2.04927575606618
3 h,SMG,0,SMG_0,ko04068,FoxO signaling pathway,1,1,0,1,-2.04927575606618,-2.04927575606618,-2.04927575606618
3 h,SMG,0,SMG_0,ko04146,Peroxisome,1,1,0,1,-2.04927575606618,-2.04927575606618,-2.04927575606618
3 h,SMG,0,SMG_0,ko04211,Longevity regulating pathway,1,1,0,1,-2.04927575606618,-2.04927575606618,-2.04927575606618
3 h,SMG,0,SMG_0,ko04212,Longevity regulating pathway,1,1,0,1,-2.04927575606618,-2.04927575606618,-2.04927575606618
3 h,SMG,0,SMG_0,ko04213,Longevity regulating pathway,1,1,0,1,-2.04927575606618,-2.04927575606618,-2.04927575606618
3 h,SMG,0,SMG_0,ko05014,Amyotrophic lateral sclerosis,1,1,0,1,-2.04927575606618,-2.04927575606618,-2.04927575606618
3 h,SMG,0,SMG_0,ko05022,Pathways of neurodegeneration,1,1,0,1,-2.04927575606618,-2.04927575606618,-2.04927575606618
3 h,SMG,0,SMG_0,ko05208,Chemical carcinogenesis,1,1,0,1,-2.04927575606618,-2.04927575606618,-2.04927575606618
3 h,SMG,6.5,SMG_6.5,ko00010,Glycolysis / Gluconeogenesis,1,1,0,1,-1.23283871967947,-1.23283871967947,-1.23283871967947
3 h,SMG,6.5,SMG_6.5,ko00500,Starch and sucrose metabolism,3,3,0,3,-3.7215488597965,-1.2405162865988333,-2.1486372360058543
3 h,SMG,6.5,SMG_6.5,ko00521,Streptomycin biosynthesis,1,1,0,1,-2.04303737980639,-2.04303737980639,-2.04303737980639
3 h,SMG,6.5,SMG_6.5,ko00562,Inositol phosphate metabolism,2,2,0,2,-3.67529887174925,-1.837649435874625,-2.5988287551011617
3 h,SMG,6.5,SMG_6.5,ko01100,Metabolic pathways,2,2,0,2,-3.67529887174925,-1.837649435874625,-2.5988287551011617
3 h,SMG,6.5,SMG_6.5,ko01110,Biosynthesis of secondary metabolites,1,1,0,1,-2.04303737980639,-2.04303737980639,-2.04303737980639
3 h,SMG,6.5,SMG_6.5,ko01120,Microbial metabolism in diverse environments,2,2,0,2,-3.67529887174925,-1.837649435874625,-2.5988287551011617
3 h,SMG,6.5,SMG_6.5,ko02020,Two-component system,1,1,0,1,-1.78669165244154,-1.78669165244154,-1.78669165244154
3 h,SMG,6.5,SMG_6.5,ko02060,Phosphotransferase system (PTS),2,2,0,2,-2.48871014011703,-1.244355070058515,-1.7597838164844748
3 h,SMG,13,SMG_13,ko00030,Pentose phosphate pathway,1,1,0,1,-1.52449973979025,-1.52449973979025,-1.52449973979025
3 h,SMG,13,SMG_13,ko00053,Ascorbate and aldarate metabolism,1,1,0,1,-1.52449973979025,-1.52449973979025,-1.52449973979025
3 h,SMG,13,SMG_13,ko00380,Tryptophan metabolism,1,1,0,1,-1.26131979992297,-1.26131979992297,-1.26131979992297
3 h,SMG,13,SMG_13,ko00400,"Phenylalanine, tyrosine and tryptophan biosynthesis",1,1,1,0,1.03465440592958,1.03465440592958,1.03465440592958
3 h,SMG,13,SMG_13,ko00521,Streptomycin biosynthesis,1,1,0,1,-1.07037384418486,-1.07037384418486,-1.07037384418486
3 h,SMG,13,SMG_13,ko00552,Teichoic acid biosynthesis,1,1,0,1,-1.20577855994356,-1.20577855994356,-1.20577855994356
3 h,SMG,13,SMG_13,ko00562,Inositol phosphate metabolism,1,1,0,1,-1.07037384418486,-1.07037384418486,-1.07037384418486
3 h,SMG,13,SMG_13,ko00630,Glyoxylate and dicarboxylate metabolism,1,1,0,1,-1.26131979992297,-1.26131979992297,-1.26131979992297
3 h,SMG,13,SMG_13,ko00760,Nicotinate and nicotinamide metabolism,1,1,0,1,-1.17177363633038,-1.17177363633038,-1.17177363633038
3 h,SMG,13,SMG_13,ko00930,Caprolactam degradation,1,1,0,1,-1.52449973979025,-1.52449973979025,-1.52449973979025
3 h,SMG,13,SMG_13,ko00999,Biosynthesis of various plant secondary metabolites,1,1,1,0,1.03465440592958,1.03465440592958,1.03465440592958
3 h,SMG,13,SMG_13,ko01100,Metabolic pathways,5,5,1,4,-3.9933126142988797,-0.798662522859776,-1.7858636921959388
3 h,SMG,13,SMG_13,ko01110,Biosynthesis of secondary metabolites,4,4,1,3,-2.8215389779685003,-0.7053847444921251,-1.4107694889842501
3 h,SMG,13,SMG_13,ko01120,Microbial metabolism in diverse environments,2,2,0,2,-2.59487358397511,-1.297436791987555,-1.8348527075506402
3 h,SMG,13,SMG_13,ko01200,Carbon metabolism,2,2,0,2,-2.78581953971322,-1.39290976985661,-1.9698718876932042
3 h,SMG,13,SMG_13,ko01220,Degradation of aromatic compounds,1,1,0,1,-1.52449973979025,-1.52449973979025,-1.52449973979025
3 h,SMG,13,SMG_13,ko01230,Biosynthesis of amino acids,1,1,1,0,1.03465440592958,1.03465440592958,1.03465440592958
3 h,SMG,13,SMG_13,ko01240,Biosynthesis of cofactors,2,2,0,2,-2.69627337612063,-1.348136688060315,-1.9065531881876439
3 h,SMG,13,SMG_13,ko02010,ABC transporters,2,2,2,0,2.15266215007263,1.076331075036315,1.5221620039199701
3 h,SMG,13,SMG_13,ko02020,Two-component system,1,1,1,0,1.02227134711005,1.02227134711005,1.02227134711005
3 h,SMG,13,SMG_13,ko02024,Quorum sensing,1,1,0,1,-1.17479500314876,-1.17479500314876,-1.17479500314876
3 h,SMG,13,SMG_13,ko03010,Ribosome,1,1,0,1,-1.56324795363163,-1.56324795363163,-1.56324795363163
3 h,SMG,13,SMG_13,ko04011,MAPK signaling pathway,1,1,0,1,-1.26131979992297,-1.26131979992297,-1.26131979992297
3 h,SMG,13,SMG_13,ko04016,MAPK signaling pathway,1,1,0,1,-1.26131979992297,-1.26131979992297,-1.26131979992297
3 h,SMG,13,SMG_13,ko04068,FoxO signaling pathway,1,1,0,1,-1.26131979992297,-1.26131979992297,-1.26131979992297
3 h,SMG,13,SMG_13,ko04146,Peroxisome,1,1,0,1,-1.26131979992297,-1.26131979992297,-1.26131979992297
3 h,SMG,13,SMG_13,ko04211,Longevity regulating pathway,1,1,0,1,-1.26131979992297,-1.26131979992297,-1.26131979992297
3 h,SMG,13,SMG_13,ko04212,Longevity regulating pathway,1,1,0,1,-1.26131979992297,-1.26131979992297,-1.26131979992297
3 h,SMG,13,SMG_13,ko04213,Longevity regulating pathway,1,1,0,1,-1.26131979992297,-1.26131979992297,-1.26131979992297
3 h,SMG,13,SMG_13,ko04621,NOD-like receptor signaling pathway,1,1,0,1,-1.16021792641267,-1.16021792641267,-1.16021792641267
3 h,SMG,13,SMG_13,ko04978,Mineral absorption,1,1,0,1,-1.0144586439994,-1.0144586439994,-1.0144586439994
3 h,SMG,13,SMG_13,ko05012,Parkinson disease,1,1,0,1,-1.16021792641267,-1.16021792641267,-1.16021792641267
3 h,SMG,13,SMG_13,ko05014,Amyotrophic lateral sclerosis,1,1,0,1,-1.26131979992297,-1.26131979992297,-1.26131979992297
3 h,SMG,13,SMG_13,ko05022,Pathways of neurodegeneration,1,1,0,1,-1.26131979992297,-1.26131979992297,-1.26131979992297
3 h,SMG,13,SMG_13,ko05132,Salmonella infection,1,1,0,1,-1.16021792641267,-1.16021792641267,-1.16021792641267
3 h,SMG,13,SMG_13,ko05208,Chemical carcinogenesis,1,1,0,1,-1.26131979992297,-1.26131979992297,-1.26131979992297
3 h,SMG,13,SMG_13,ko05418,Fluid shear stress and atherosclerosis,1,1,0,1,-1.16021792641267,-1.16021792641267,-1.16021792641267
3 h,SMG,19.5,SMG_19.5,ko00010,Glycolysis / Gluconeogenesis,1,1,0,1,-3.22112108033284,-3.22112108033284,-3.22112108033284
3 h,SMG,19.5,SMG_19.5,ko00020,Citrate cycle (TCA cycle),4,4,0,4,-6.59795885241166,-1.649489713102915,-3.29897942620583
3 h,SMG,19.5,SMG_19.5,ko00051,Fructose and mannose metabolism,1,1,0,1,-2.14271179988087,-2.14271179988087,-2.14271179988087
3 h,SMG,19.5,SMG_19.5,ko00061,Fatty acid biosynthesis,2,2,2,0,2.34779785962694,1.17389892981347,1.6601437873974714
3 h,SMG,19.5,SMG_19.5,ko00190,Oxidative phosphorylation,2,2,0,2,-2.25161323923047,-1.125806619615235,-1.5921309900692733
3 h,SMG,19.5,SMG_19.5,ko00220,Arginine biosynthesis,1,1,0,1,-2.04664624392478,-2.04664624392478,-2.04664624392478
3 h,SMG,19.5,SMG_19.5,ko00230,Purine metabolism,3,3,0,3,-4.70383161442659,-1.56794387147553,-2.715758448811864
3 h,SMG,19.5,SMG_19.5,ko00250,"Alanine, aspartate and glutamate metabolism",3,3,0,3,-4.62103775096628,-1.5403459169887599,-2.6679573894558044
3 h,SMG,19.5,SMG_19.5,ko00260,"Glycine, serine and threonine metabolism",4,4,0,4,-6.229423025269501,-1.557355756317375,-3.1147115126347504
3 h,SMG,19.5,SMG_19.5,ko00261,Monobactam biosynthesis,1,1,0,1,-1.64833986746544,-1.64833986746544,-1.64833986746544
3 h,SMG,19.5,SMG_19.5,ko00270,Cysteine and methionine metabolism,1,1,0,1,-1.40137331791358,-1.40137331791358,-1.40137331791358
3 h,SMG,19.5,SMG_19.5,ko00330,Arginine and proline metabolism,1,1,0,1,-1.33376727447883,-1.33376727447883,-1.33376727447883
3 h,SMG,19.5,SMG_19.5,ko00333,Prodigiosin biosynthesis,1,1,1,0,1.20729769303873,1.20729769303873,1.20729769303873
3 h,SMG,19.5,SMG_19.5,ko00430,Taurine and hypotaurine metabolism,2,2,0,2,-3.28727047648745,-1.643635238243725,-2.324451245518609
3 h,SMG,19.5,SMG_19.5,ko00450,Selenocompound metabolism,1,1,0,1,-1.64833986746544,-1.64833986746544,-1.64833986746544
3 h,SMG,19.5,SMG_19.5,ko00500,Starch and sucrose metabolism,2,2,0,2,-2.25096877217613,-1.125484386088065,-1.5916752830448981
3 h,SMG,19.5,SMG_19.5,ko00520,Amino sugar and nucleotide sugar metabolism,1,1,0,1,-1.07824093061456,-1.07824093061456,-1.07824093061456
3 h,SMG,19.5,SMG_19.5,ko00521,Streptomycin biosynthesis,1,1,0,1,-2.33263456044301,-2.33263456044301,-2.33263456044301
3 h,SMG,19.5,SMG_19.5,ko00562,Inositol phosphate metabolism,6,6,0,6,-11.00562896924763,-1.834271494874605,-4.493029212174912
3 h,SMG,19.5,SMG_19.5,ko00620,Pyruvate metabolism,1,1,0,1,-3.22112108033284,-3.22112108033284,-3.22112108033284
3 h,SMG,19.5,SMG_19.5,ko00630,Glyoxylate and dicarboxylate metabolism,2,2,0,2,-2.32955156658149,-1.164775783290745,-1.6472417098535166
3 h,SMG,19.5,SMG_19.5,ko00640,Propanoate metabolism,1,1,0,1,-1.12522453284835,-1.12522453284835,-1.12522453284835
3 h,SMG,19.5,SMG_19.5,ko00650,Butanoate metabolism,2,2,0,2,-2.25161323923047,-1.125806619615235,-1.5921309900692733
3 h,SMG,19.5,SMG_19.5,ko00660,C5-Branched dibasic acid metabolism,1,1,0,1,-1.12522453284835,-1.12522453284835,-1.12522453284835
3 h,SMG,19.5,SMG_19.5,ko00670,One carbon pool by folate,2,2,0,2,-2.50169096631318,-1.25084548315659,-1.7689626467131763
3 h,SMG,19.5,SMG_19.5,ko00680,Methane metabolism,2,2,0,2,-4.49256964449033,-2.246284822245165,-3.176726460571949
3 h,SMG,19.5,SMG_19.5,ko00710,Carbon fixation by Calvin cycle,1,1,0,1,-3.22112108033284,-3.22112108033284,-3.22112108033284
3 h,SMG,19.5,SMG_19.5,ko00720,Other carbon fixation pathways,3,3,0,3,-3.37683777207882,-1.12561259069294,-1.949618196719403
3 h,SMG,19.5,SMG_19.5,ko00780,Biotin metabolism,2,2,2,0,2.34779785962694,1.17389892981347,1.6601437873974714
3 h,SMG,19.5,SMG_19.5,ko00785,Lipoic acid metabolism,1,1,0,1,-1.1003176483996,-1.1003176483996,-1.1003176483996
3 h,SMG,19.5,SMG_19.5,ko00860,Porphyrin metabolism,3,3,0,3,-3.84908092705685,-1.2830269756856167,-2.222267909368927
3 h,SMG,19.5,SMG_19.5,ko00910,Nitrogen metabolism,1,1,0,1,-2.04664624392478,-2.04664624392478,-2.04664624392478
3 h,SMG,19.5,SMG_19.5,ko00920,Sulfur metabolism,4,4,0,4,-5.978290169495899,-1.494572542373975,-2.9891450847479497
3 h,SMG,19.5,SMG_19.5,ko01100,Metabolic pathways,29,29,2,27,-41.4940169257943,-1.4308281698549759,-7.705245505359686
3 h,SMG,19.5,SMG_19.5,ko01110,Biosynthesis of secondary metabolites,11,11,1,10,-14.267986860462292,-1.297089714587481,-4.30195990271585
3 h,SMG,19.5,SMG_19.5,ko01120,Microbial metabolism in diverse environments,17,17,0,17,-30.02376611349318,-1.7661038890290106,-7.281832880280742
3 h,SMG,19.5,SMG_19.5,ko01200,Carbon metabolism,7,7,0,7,-12.190846145301592,-1.7415494493287986,-4.607706738845485
3 h,SMG,19.5,SMG_19.5,ko01212,Fatty acid metabolism,2,2,2,0,2.34779785962694,1.17389892981347,1.6601437873974714
3 h,SMG,19.5,SMG_19.5,ko01230,Biosynthesis of amino acids,1,1,0,1,-1.40137331791358,-1.40137331791358,-1.40137331791358
3 h,SMG,19.5,SMG_19.5,ko01240,Biosynthesis of cofactors,5,5,2,3,-1.5012830674299098,-0.300256613485982,-0.6713941984485358
3 h,SMG,19.5,SMG_19.5,ko01320,Sulfur cycle,3,3,0,3,-4.57691685158232,-1.52563895052744,-2.642484176319587
3 h,SMG,19.5,SMG_19.5,ko01501,beta-Lactam resistance,1,1,0,1,-1.12093286490194,-1.12093286490194,-1.12093286490194
3 h,SMG,19.5,SMG_19.5,ko02010,ABC transporters,4,4,1,3,-3.13661691433068,-0.7841542285826699,-1.56830845716534
3 h,SMG,19.5,SMG_19.5,ko02020,Two-component system,2,2,1,1,-1.1544882244221601,-0.5772441122110801,-0.8163464522889261
3 h,SMG,19.5,SMG_19.5,ko02024,Quorum sensing,1,1,0,1,-1.12093286490194,-1.12093286490194,-1.12093286490194
3 h,SMG,19.5,SMG_19.5,ko02060,Phosphotransferase system (PTS),2,2,0,2,-2.25096877217613,-1.125484386088065,-1.5916752830448981
3 h,SMG,19.5,SMG_19.5,ko05134,Legionellosis,1,1,0,1,-1.00523645859673,-1.00523645859673,-1.00523645859673
3 h,SMG,19.5,SMG_19.5,ko05152,Tuberculosis,1,1,1,0,1.73695028639243,1.73695028639243,1.73695028639243
