Time,Dose_f,Condition,SampleID,fit,lwr,upr
0,0,1g,Ctrl-1,0.02153167852482617,0.012570607098383249,0.036643672032693496
0.05,0,1g,Ctrl-1,0.022989216263753793,0.01357053231234305,0.03868858708337471
0.1,0,1g,Ctrl-1,0.0245429438782212,0.014648206615565157,0.04084443604926991
0.15000000000000002,0,1g,Ctrl-1,0.026198864425585593,0.01580939296091964,0.04311687708904446
0.2,0,1g,Ctrl-1,0.027963307658998685,0.017060236139913348,0.045511818169619425
0.25,0,1g,Ctrl-1,0.02984294105676867,0.01840728060775819,0.048035424141635925
0.30000000000000004,0,1g,Ctrl-1,0.03184478019791341,0.019857487811953713,0.05069412363328778
0.35000000000000003,0,1g,Ctrl-1,0.03397619828479368,0.02141825271732617,0.05349461572406178
0.4,0,1g,Ctrl-1,0.03624493458739143,0.02309741916439833,0.05644387635961166
0.45,0,1g,Ctrl-1,0.03865910155556422,0.02490329363526072,0.05954916446919348
0.5,0,1g,Ctrl-1,0.04122719031558815,0.026844656931594966,0.06281802774777918
0.55,0,1g,Ctrl-1,0.0439580742357029,0.028930773193183483,0.0662583080660423
0.6000000000000001,0,1g,Ctrl-1,0.046861010212494746,0.031171395602425475,0.06987814647266058
0.65,0,1g,Ctrl-1,0.04994563729620802,0.03357676803175048,0.07368598775442538
0.7000000000000001,0,1g,Ctrl-1,0.053221972239010616,0.03615762179757315,0.07769058451988273
0.75,0,1g,Ctrl-1,0.05670040151654855,0.0389251665884362,0.08190100077071785
0.8,0,1g,Ctrl-1,0.06039166934068555,0.041891074538985176,0.0863266149204838
0.8500000000000001,0,1g,Ctrl-1,0.06430686115119555,0.04506745632925268,0.0909771222106159
0.9,0,1g,Ctrl-1,0.06845738204763796,0.048466828105630196,0.09586253645628244
0.9500000000000001,0,1g,Ctrl-1,0.07285492960120346,0.052102067952796004,0.1009931910258477
1,0,1g,Ctrl-1,0.07751146047170417,0.05598636060370959,0.10637973891269818
1.05,0,1g,Ctrl-1,0.08243915024908756,0.060133129068934255,0.11203315169061875
1.1,0,1g,Ctrl-1,0.08765034594407625,0.0645559519110767,0.11796471704577008
1.1500000000000001,0,1g,Ctrl-1,0.09315751057120965,0.06926846500205647,0.12418603443975945
1.2000000000000002,0,1g,Ctrl-1,0.09897315930227499,0.07428424680021652,0.13070900826754084
1.25,0,1g,Ctrl-1,0.10510978672158165,0.07961668649359718,0.13754583761756842
1.3,0,1g,Ctrl-1,0.11157978478949948,0.08527883479937431,0.14470900140557913
1.35,0,1g,Ctrl-1,0.11839535121982404,0.09128323781181047,0.15221123722414168
1.4000000000000001,0,1g,Ctrl-1,0.12556838810232254,0.09764175507327565,0.16006551171765868
1.4500000000000002,0,1g,Ctrl-1,0.13311039075634157,0.10436536401833807,0.16828497965441686
1.5,0,1g,Ctrl-1,0.14103232698615567,0.11146395410847212,0.17688292813473663
1.55,0,1g,Ctrl-1,0.14934450712453443,0.11894611531015507,0.1858727015799871
1.6,0,1g,Ctrl-1,0.15805644549750938,0.12681892701386815,0.19526760235480672
1.6500000000000001,0,1g,Ctrl-1,0.16717671421894312,0.13508775494320238,0.2050807611882901
1.7000000000000002,0,1g,Ctrl-1,0.17671279052512118,0.14375606490666507,0.2153249711304205
1.75,0,1g,Ctrl-1,0.18667089918230145,0.15282526319061643,0.22601247880616832
1.8,0,1g,Ctrl-1,0.19705585183711724,0.16229457372794412,0.23715472744472604
1.85,0,1g,Ctrl-1,0.20787088552200067,0.1721609616383407,0.24876204780258462
1.9000000000000001,0,1g,Ctrl-1,0.21911750286432716,0.18241911109556674,0.2608432958555091
1.9500000000000002,0,1g,Ctrl-1,0.23079531686572669,0.19306146261721718,0.2734054400756727
2,0,1g,Ctrl-1,0.24290190340214377,0.2040783108620033,0.2864531061102188
2.0500000000000003,0,1g,Ctrl-1,0.255432664829592,0.2154579591732106,0.29998809235646945
2.1,0,1g,Ctrl-1,0.2683807082482259,0.2271869219968935,0.31400887564466023
2.15,0,1g,Ctrl-1,0.2817367420614889,0.2392501616953827,0.3285101311542933
2.2,0,1g,Ctrl-1,0.2954889944517782,0.25163134298597656,0.34348229392221286
2.25,0,1g,Ctrl-1,0.3096231572655086,0.26431308692778016,0.358911190124877
2.3000000000000003,0,1g,Ctrl-1,0.32412235854802696,0.2772772073819516,0.37477776436648297
2.35,0,1g,Ctrl-1,0.3389671665862706,0.2905049160513898,0.3910579245892922
2.4000000000000004,0,1g,Ctrl-1,0.3541356278035639,0.30397698699183995,0.40772251952358424
2.45,0,1g,Ctrl-1,0.3696033402118658,0.3176738770065941,0.4247374557220253
2.5,0,1g,Ctrl-1,0.3853435633743851,0.3315758036494471,0.44206395319128267
2.5500000000000003,0,1g,Ctrl-1,0.4013273649848933,0.34566278687895857,0.4596589313333458
2.6,0,1g,Ctrl-1,0.4175238032551432,0.359914663254276,0.4774755109501049
2.6500000000000004,0,1g,Ctrl-1,0.4339001433501522,0.3743110828153796,0.49546361372413383
2.7,0,1g,Ctrl-1,0.4504221051588824,0.38883149862407873,0.5135706378550554
2.75,0,1g,Ctrl-1,0.4670541387739212,0.4034551577178289,0.5317421872058307
2.8000000000000003,0,1g,Ctrl-1,0.48375972321755917,0.41816110037078547,0.5499228311210407
2.85,0,1g,Ctrl-1,0.5005016832309607,0.4329281724557537,0.5680568727516103
2.9000000000000004,0,1g,Ctrl-1,0.5172425183715273,0.4477350536568671,0.5860891050423321
2.95,0,1g,Ctrl-1,0.5339447382684632,0.46256030248880486,0.6039655353577035
3,0,1g,Ctrl-1,0.5505711976871979,0.47738241762984734,0.621634061934836
0,6.5,1g,Ctrl-1,0.02802109004517027,0.017485484661266634,0.04461649084766287
0.05,6.5,1g,Ctrl-1,0.029845827267851427,0.018810137647565648,0.04704559145011947
0.1,6.5,1g,Ctrl-1,0.03178550576156206,0.020232094477746126,0.04960241066350919
0.15000000000000002,6.5,1g,Ctrl-1,0.03384684586148419,0.021758041419213774,0.052293168140385565
0.2,6.5,1g,Ctrl-1,0.0360368915075116,0.023395053373824474,0.05512433471665161
0.25,6.5,1g,Ctrl-1,0.03836301640306871,0.025150605244767595,0.05810263741161764
0.30000000000000004,6.5,1g,Ctrl-1,0.040832928844876576,0.027032581643888085,0.06123506401430013
0.35000000000000003,6.5,1g,Ctrl-1,0.043454674971255915,0.029049284508091414,0.0645288672004723
0.4,6.5,1g,Ctrl-1,0.04623664015090675,0.031209438134626965,0.06799156812227854
0.45,6.5,1g,Ctrl-1,0.04918754820775476,0.03352219108252098,0.07163095940903319
0.5,6.5,1g,Ctrl-1,0.052316458150799015,0.03599711432209081,0.07545510751373727
0.55,6.5,1g,Ctrl-1,0.05563275805142563,0.03864419494760209,0.07947235433426547
0.6000000000000001,6.5,1g,Ctrl-1,0.05914615568498696,0.041473824701558255,0.08369131803026374
0.65,6.5,1g,Ctrl-1,0.06286666552933694,0.04449678249533279,0.08812089294539166
0.7000000000000001,6.5,1g,Ctrl-1,0.06680459169136102,0.04772421005318777,0.09277024852808134
0.75,6.5,1g,Ctrl-1,0.07097050631440296,0.05116757975946995,0.09764882712038424
0.8,6.5,1g,Ctrl-1,0.07537522300609949,0.054838653757402676,0.1027663404510573
0.8500000000000001,6.5,1g,Ctrl-1,0.08002976481888532,0.05874943333919467,0.10813276462237421
0.9,6.5,1g,Ctrl-1,0.0849453263158898,0.06291209768943955,0.11375833331599729
0.9500000000000001,6.5,1g,Ctrl-1,0.09013322926484359,0.067338931106845,0.1196535288564891
1,6.5,1g,Ctrl-1,0.09560487152379887,0.07204223794461179,0.1258290706556899
1.05,6.5,1g,Ctrl-1,0.10137166871691944,0.077034244690091,0.1322959004105819
1.1,6.5,1g,Ctrl-1,0.10744498834831966,0.0823269888633915,0.1390651632344004
1.1500000000000001,6.5,1g,Ctrl-1,0.11383607606894833,0.08793219476618669,0.14614818365910098
1.2000000000000002,6.5,1g,Ctrl-1,0.12055597389773114,0.09386113656855073,0.15355643515188896
1.25,6.5,1g,Ctrl-1,0.12761543030532418,0.10012448979227737,0.16130150143785466
1.3,6.5,1g,Ctrl-1,0.13502480219829313,0.10673217293648782,0.1693950275193139
1.35,6.5,1g,Ctrl-1,0.14279394899424294,0.11369318178786002,0.17784865784404155
1.4000000000000001,6.5,1g,Ctrl-1,0.15093211915470192,0.12101541984109908,0.18667395862643588
1.4500000000000002,6.5,1g,Ctrl-1,0.1594478297419167,0.12870552918298864,0.19588232091269175
1.5,6.5,1g,Ctrl-1,0.16834873978669082,0.13676872709874624,0.20548484066969058
1.55,6.5,1g,Ctrl-1,0.17764151849439638,0.14520865444859146,0.21549217205718954
1.6,6.5,1g,Ctrl-1,0.18733170957140588,0.15402724241581947,0.22591435022470907
1.6500000000000001,6.5,1g,Ctrl-1,0.19742359321910738,0.16322460440756958,0.23676058058157332
1.7000000000000002,6.5,1g,Ctrl-1,0.20792004761057112,0.1727989595563001,0.2480389926399462
1.75,6.5,1g,Ctrl-1,0.21882241192749602,0.18274659330775028,0.2597563583153652
1.8,6.5,1g,Ctrl-1,0.2301303532825521,0.19306185893064032,0.2719177770129509
1.85,6.5,1g,Ctrl-1,0.24184174007365095,0.20373722147696136,0.2845263328581642
1.9000000000000001,6.5,1g,Ctrl-1,0.2539525245000951,0.21476334291070223,0.29758273285292686
1.9500000000000002,6.5,1g,Ctrl-1,0.266456637103521,0.22612920408436504,0.31108493822627364
2,6.5,1g,Ctrl-1,0.27934589626661543,0.23782225635583124,0.3250278043757866
2.0500000000000003,6.5,1g,Ctrl-1,0.2926099355979879,0.24982859332601962,0.33940274709271123
2.1,6.5,1g,Ctrl-1,0.30623615204196797,0.26213313182224157,0.3541974538077305
2.15,6.5,1g,Ctrl-1,0.32020967736931594,0.27471979110323347,0.369395658105435
2.2,6.5,1g,Ctrl-1,0.3345133754237503,0.28757166036878373,0.3849769936677232
2.25,6.5,1g,Ctrl-1,0.3491278671184149,0.300671146845907,0.40091694029418407
2.3000000000000003,6.5,1g,Ctrl-1,0.364031584698904,0.31400009963298825,0.4171868700934105
2.35,6.5,1g,Ctrl-1,0.3792008562230021,0.32753990764674,0.4337541968519997
2.4000000000000004,6.5,1g,Ctrl-1,0.39461002056464223,0.3412715729678131,0.4505826264980084
2.45,6.5,1g,Ctrl-1,0.41023157254831427,0.35517576324746347,0.46763250193821465
2.5,6.5,1g,Ctrl-1,0.4260363370822794,0.36923284840096077,0.4848612316817523
2.5500000000000003,6.5,1g,Ctrl-1,0.44199367041000315,0.3834229275204443,0.5022237887286318
2.6,6.5,1g,Ctrl-1,0.45807168586726843,0.3977258518772151,0.5196732642261348
2.6500000000000004,6.5,1g,Ctrl-1,0.4742375008465422,0.4121212492272525,0.5371614593100732
2.7,6.5,1g,Ctrl-1,0.49045750105894204,0.4265885535961302,0.5546394982338332
2.75,6.5,1g,Ctrl-1,0.5066976176740637,0.44110704350371605,0.5720584462169034
2.8000000000000003,6.5,1g,Ctrl-1,0.5229236125316488,0.4556558903612006,0.5893699162980182
2.85,6.5,1g,Ctrl-1,0.5391013663742166,0.4702142176504068,0.6065266507568484
2.9000000000000004,6.5,1g,Ctrl-1,0.555197164957596,0.48476117054719337,0.6234830642897113
2.95,6.5,1g,Ctrl-1,0.5711779779610806,0.49927599490658975,0.640195738016149
3,6.5,1g,Ctrl-1,0.5870117258376674,0.513738123987992,0.6566238554839207
0,13,1g,Ctrl-1,0.031758200538254094,0.020558116418389803,0.048756355761505825
0.05,13,1g,Ctrl-1,0.03400585141393578,0.02222843446008078,0.051693458311286786
0.1,13,1g,Ctrl-1,0.03640659591477085,0.024029725874992653,0.054800410050573754
0.15000000000000002,13,1g,Ctrl-1,0.03896999068567084,0.025971491275358822,0.05808615973806142
0.2,13,1g,Ctrl-1,0.04170606263665284,0.028063794162854726,0.061560023264770086
0.25,13,1g,Ctrl-1,0.044625313334052924,0.030317272900542237,0.06523168632028814
0.30000000000000004,13,1g,Ctrl-1,0.047738720176532315,0.032743148800686704,0.06911120539148138
0.35000000000000003,13,1g,Ctrl-1,0.05105773379107495,0.03535322943714999,0.07320900686638152
0.4,13,1g,Ctrl-1,0.05459427103177289,0.038159906182052346,0.07753588399671438
0.45,13,1g,Ctrl-1,0.05836070291269134,0.04117614485589409,0.08210299145069651
0.5,13,1g,Ctrl-1,0.06236983675706324,0.04441546827206532,0.08692183716220929
0.55,13,1g,Ctrl-1,0.06663489180042227,0.04789192935568446,0.09200427115174402
0.6000000000000001,13,1g,Ctrl-1,0.07116946744736058,0.05162007342958954,0.09736247095654268
0.65,13,1g,Ctrl-1,0.07598750335313699,0.05561488819547012,0.10300892325944619
0.7000000000000001,13,1g,Ctrl-1,0.08110323048553797,0.05989173990605669,0.1089564012446706
0.75,13,1g,Ctrl-1,0.08653111232280425,0.0644662942377032,0.11521793712978377
0.8,13,1g,Ctrl-1,0.09228577536408643,0.06935442044668501,0.12180678922147216
0.8500000000000001,13,1g,Ctrl-1,0.09838192817412873,0.07457207754439428,0.12873640271243472
0.9,13,1g,Ctrl-1,0.10483426825829406,0.0801351814755063,0.1360203632716966
0.9500000000000001,13,1g,Ctrl-1,0.1116573761723457,0.08605945264930027,0.14367234227476378
1,13,1g,Ctrl-1,0.11886559641820695,0.0923602436774398,0.15170603226855695
1.05,13,1g,Ctrl-1,0.12647290486653873,0.09905234782885664,0.1601350709671005
1.1,13,1g,Ctrl-1,0.13449276268304006,0.10614978953534061,0.16897295173088075
1.1500000000000001,13,1g,Ctrl-1,0.14293795702056722,0.11366559927137702,0.1782329181075914
1.2000000000000002,13,1g,Ctrl-1,0.15182042907468013,0.12161157627455098,0.18792783962914777
1.25,13,1g,Ctrl-1,0.16115109048541176,0.1299980438326841,0.1980700657111063
1.3,13,1g,Ctrl-1,0.17093962949986688,0.1388336031770274,0.2086712542493783
1.35,13,1g,Ctrl-1,0.18119430878280177,0.14812489329051126,0.21974217144355687
1.4000000000000001,13,1g,Ctrl-1,0.19192175726644517,0.1578763650345793,0.2312924596091472
1.4500000000000002,13,1g,Ctrl-1,0.20312675895370783,0.168090078754999,0.24333037040410702
1.5,13,1g,Ctrl-1,0.21481204211401456,0.1787655347657159,0.25586246212456026
1.55,13,1g,Ctrl-1,0.22697807281793467,0.1898995456554417,0.26889326163662175
1.6,13,1g,Ctrl-1,0.239622857221761,0.20148615807973694,0.2824248941679308
1.6500000000000001,13,1g,Ctrl-1,0.2527417574095284,0.21351662953974587,0.29645668755089827
1.7000000000000002,13,1g,Ctrl-1,0.26632732589913444,0.22597946267870753,0.31098476142430415
1.75,13,1g,Ctrl-1,0.280369164092135,0.23886049607042475,0.3260016160403723
1.8,13,1g,Ctrl-1,0.2948538099655624,0.2521430467003975,0.34149573922356474
1.85,13,1g,Ctrl-1,0.3097646601439689,0.26580809582883613,0.35745125311961645
1.9000000000000001,13,1g,Ctrl-1,0.3250819311314221,0.27983450718159136,0.37384762408434213
1.9500000000000002,13,1g,Ctrl-1,0.34078266391441564,0.29419926486866393,0.39065945892305465
2,13,1g,Ctrl-1,0.3568407753652387,0.3088777183274396,0.40785640845259236
2.0500000000000003,13,1g,Ctrl-1,0.37322715889006775,0.32384382292668146,0.425403195061354
2.1,13,1g,Ctrl-1,0.3899098355979958,0.3390703673877603,0.44325977493514845
2.15,13,1g,Ctrl-1,0.40685415595003527,0.354529182423069,0.4613816384903762
2.2,13,1g,Ctrl-1,0.42402305042631483,0.37019132840812646,0.4797202450366253
2.25,13,1g,Ctrl-1,0.44137732628097687,0.38602726297474454,0.4982235805050573
2.3000000000000003,13,1g,Ctrl-1,0.458876006000866,0.40200699175087695,0.5168368208403532
2.35,13,1g,Ctrl-1,0.4764767017131695,0.4181002068776955,0.535503078790964
2.4000000000000004,13,1g,Ctrl-1,0.4941360185656887,0.43427641839338504,0.5541642085680972
2.45,13,1g,Ctrl-1,0.5118099790935743,0.45050508322174715,0.572761641217278
2.5,13,1g,Ctrl-1,0.5294544598413158,0.4667557355655041,0.591237223457421
2.5500000000000003,13,1g,Ctrl-1,0.5470256310685367,0.48299812122948055,0.6095340340015365
2.6,13,1g,Ctrl-1,0.5644803902568023,0.4992023370173216,0.6275971537437273
2.6500000000000004,13,1g,Ctrl-1,0.5817767803582503,0.5153389750379037,0.6453743694241741
2.7,13,1g,Ctrl-1,0.5988743842731868,0.5313792706460948,0.6628167942121289
2.75,13,1g,Ctrl-1,0.6157346878831391,0.5472952518932569,0.679879392830623
2.8000000000000003,13,1g,Ctrl-1,0.632321405053368,0.5630598877967922,0.6965214031549883
2.85,13,1g,Ctrl-1,0.648600759297909,0.5786472324437484,0.7127066504405173
2.9000000000000004,13,1g,Ctrl-1,0.6645417182064539,0.5940325618894428,0.7284037542890253
2.95,13,1g,Ctrl-1,0.6801161781983441,0.6091925009563239,0.7435862319984099
3,13,1g,Ctrl-1,0.6952990986282883,0.6241051373356561,0.7582325049392985
0,19.5,1g,Ctrl-1,0.024487111655244,0.014844377140372367,0.04013844628767406
0.05,19.5,1g,Ctrl-1,0.026186369248948394,0.01604244320607372,0.04246764602642013
0.1,19.5,1g,Ctrl-1,0.02800016044439142,0.017334710759876203,0.04492767358848383
0.15000000000000002,19.5,1g,Ctrl-1,0.029935721347680116,0.018728186559044506,0.04752536347040767
0.2,19.5,1g,Ctrl-1,0.032000676339623765,0.020230333367377333,0.05026784852179125
0.25,19.5,1g,Ctrl-1,0.034203048943207526,0.021849088731797008,0.05316256646318485
0.30000000000000004,19.5,1g,Ctrl-1,0.0365512714078528,0.023592882544027353,0.056217265800201185
0.35000000000000003,19.5,1g,Ctrl-1,0.0390541927014567,0.02547065291981489,0.05944001103763955
0.4,19.5,1g,Ctrl-1,0.0417210845637433,0.0274918598511195,0.06283918709187751
0.45,19.5,1g,Ctrl-1,0.044561645235014775,0.029666496002272218,0.06642350279425853
0.5,19.5,1g,Ctrl-1,0.04758600043336799,0.03200509392967393,0.07020199337250808
0.55,19.5,1g,Ctrl-1,0.05080470111140646,0.03451872890703396,0.07418402179101757
0.6000000000000001,19.5,1g,Ctrl-1,0.054228717481173645,0.03721901643584299,0.07837927882361675
0.65,19.5,1g,Ctrl-1,0.0578694287544194,0.04011810341591129,0.08279778172340105
0.7000000000000001,19.5,1g,Ctrl-1,0.061738608005583395,0.04322865184650359,0.08744987134210418
0.75,19.5,1g,Ctrl-1,0.06584840152849664,0.0465638138291685,0.09234620753471948
0.8,19.5,1g,Ctrl-1,0.07021130202652419,0.05013719655455935,0.09749776266125591
0.8500000000000001,19.5,1g,Ctrl-1,0.07484011495175724,0.05396281588487753,0.10291581296352159
0.9,19.5,1g,Ctrl-1,0.07974791729429777,0.05805503710060188,0.10861192754653573
0.9500000000000001,19.5,1g,Ctrl-1,0.08494800812037209,0.062428501376801,0.11459795462627897
1,19.5,1g,Ctrl-1,0.09045385017096316,0.06709803660503982,0.12088600461137015
1.05,19.5,1g,Ctrl-1,0.0962790018641523,0.07207855129886234,0.12748842945789784
1.1,19.5,1g,Ctrl-1,0.10243703909787596,0.07738491053379355,0.13441779756470307
1.1500000000000001,19.5,1g,Ctrl-1,0.10894146632894071,0.08303179319859898,0.1416868632506701
1.2000000000000002,19.5,1g,Ctrl-1,0.11580561651245869,0.08903353029603131,0.14930852956566537
1.25,19.5,1g,Ctrl-1,0.12304253962677221,0.09540392465054097,0.1572958028236951
1.3,19.5,1g,Ctrl-1,0.13066487968541637,0.10215605317569346,0.16566173680543458
1.35,19.5,1g,Ctrl-1,0.1386847403520781,0.10930205383544325,0.17441936405971487
1.4000000000000001,19.5,1g,Ctrl-1,0.14711353952826017,0.1168529005969862,0.18358161115441346
1.4500000000000002,19.5,1g,Ctrl-1,0.15596185357659303,0.12481817099299987,0.1931611941197796
1.5,19.5,1g,Ctrl-1,0.16523925217399427,0.13320581233172374,0.20317048975081242
1.55,19.5,1g,Ctrl-1,0.17495412515472392,0.14202191401965075,0.21362137798215267
1.6,19.5,1g,Ctrl-1,0.18511350309810265,0.15127049475356966,0.2245250503488498
1.6500000000000001,19.5,1g,Ctrl-1,0.19572287383094372,0.16095331431066578,0.23589177976550674
1.7000000000000002,19.5,1g,Ctrl-1,0.2067859974395344,0.17106972009577906,0.2477306476861397
1.75,19.5,1g,Ctrl-1,0.21830472280635943,0.18161653826050525,0.2600492263389875
1.8,19.5,1g,Ctrl-1,0.2302788090860362,0.19258801788620925,0.27285321631396336
1.85,19.5,1g,Ctrl-1,0.24270575589401294,0.2039758343053065,0.2861460433668649
1.9000000000000001,19.5,1g,Ctrl-1,0.255580646279468,0.21576915415476322,0.2999284227860697
1.9500000000000002,19.5,1g,Ctrl-1,0.26889600676842074,0.22795476044567664,0.3141979047289791
2,19.5,1g,Ctrl-1,0.2826416888721817,0.24051723124328847,0.32894841904192257
2.0500000000000003,19.5,1g,Ctrl-1,0.29680477643903663,0.25343916111096776,0.3441698425190739
2.1,19.5,1g,Ctrl-1,0.3113695230653082,0.2667014109818158,0.35984761455976155
2.15,19.5,1g,Ctrl-1,0.3263173234618735,0.2802833702060108,0.37596242807266195
2.2,19.5,1g,Ctrl-1,0.3416267221858757,0.2941632145633869,0.3924900208393841
2.25,19.5,1g,Ctrl-1,0.35727346249422526,0.3083181460541534,0.40940108836841843
2.3000000000000003,19.5,1g,Ctrl-1,0.3732305772634501,0.32272460392856617,0.4266613329429384
2.35,19.5,1g,Ctrl-1,0.38946852296666273,0.3373584410307019,0.4442316558327422
2.4000000000000004,19.5,1g,Ctrl-1,0.40595535662938,0.3521950643176352,0.462068491417616
2.45,19.5,1g,Ctrl-1,0.4226569545369154,0.3672095426320312,0.48012427415342585
2.5,19.5,1g,Ctrl-1,0.4395372702799412,0.3823766879199922,0.49834802261816025
2.5500000000000003,19.5,1g,Ctrl-1,0.4565586285499693,0.3976711178482166,0.5166860197464598
2.6,19.5,1g,Ctrl-1,0.47368204998436453,0.41306730821332666,0.5350825649636244
2.6500000000000004,19.5,1g,Ctrl-1,0.4908676013624478,0.4285396428853096,0.5534807722069394
2.7,19.5,1g,Ctrl-1,0.5080747646183336,0.4440624676274391,0.5718233875775337
2.75,19.5,1g,Ctrl-1,0.5252628175039922,0.4596101523431313,0.5900536013439889
2.8000000000000003,19.5,1g,Ctrl-1,0.5423912183397418,0.47515716442246975,0.6081158309597208
2.85,19.5,1g,Ctrl-1,0.5594199871494929,0.49067815412180116,0.6259564544246257
2.9000000000000004,19.5,1g,Ctrl-1,0.5763100756018179,0.5061480514454363,0.6435244765136688
2.95,19.5,1g,Ctrl-1,0.5930237185588901,0.521542172870417,0.6607721139326189
3,19.5,1g,Ctrl-1,0.6095247606538234,0.5368363354695227,0.6776552891821714
0,0,SMG,Ctrl-1,0.020299181268323464,0.011736187720573882,0.03488936369382138
0.05,0,SMG,Ctrl-1,0.021818708725228675,0.0127598432509786,0.037067451209998034
0.1,0,SMG,Ctrl-1,0.023449260283594363,0.013870960264749804,0.039377543799900494
0.15000000000000002,0,SMG,Ctrl-1,0.02519852687587642,0.01507669662696807,0.0418271273992797
0.2,0,SMG,Ctrl-1,0.02707466730333878,0.016384740814359113,0.04442404780346006
0.25,0,SMG,Ctrl-1,0.02908632657817503,0.017803341355690696,0.04717651997667755
0.30000000000000004,0,SMG,Ctrl-1,0.031242653290892222,0.01934133601995703,0.050093136566706054
0.35000000000000003,0,SMG,Ctrl-1,0.03355331563938735,0.021008180296616687,0.0531828754672313
0.4,0,SMG,Ctrl-1,0.03602851570151896,0.022813974615377146,0.056455106258349735
0.45,0,SMG,Ctrl-1,0.0386790014737441,0.024769489643090933,0.059919595343838894
0.5,0,SMG,Ctrl-1,0.041516076134816476,0.026886188871621718,0.06358650959262555
0.55,0,SMG,Ctrl-1,0.044551603926098436,0.029176247572772467,0.06746641828127964
0.6000000000000001,0,SMG,Ctrl-1,0.0477980119694647,0.03165256704477778,0.07157029312440591
0.65,0,SMG,Ctrl-1,0.051268287271121704,0.034328782910389405,0.07590950617034925
0.7000000000000001,0,SMG,Ctrl-1,0.05497596808636631,0.03721926605114861,0.080495825330299
0.75,0,SMG,Ctrl-1,0.05893512874823405,0.04033911457924187,0.0853414072989216
0.8,0,SMG,Ctrl-1,0.06316035699452428,0.0437041350622577,0.09045878761281671
0.8500000000000001,0,SMG,Ctrl-1,0.06766672276578692,0.04733081103419946,0.09586086757740066
0.9,0,SMG,Ctrl-1,0.07246973739508891,0.05123625665791824,0.10156089777032769
0.9500000000000001,0,SMG,Ctrl-1,0.07758530207299234,0.0554381532626004,0.10757245779605298
1,0,SMG,Ctrl-1,0.08302964445309108,0.05995466638182889,0.11390943191577874
1.05,0,SMG,Ctrl-1,0.08881924227027833,0.06480434088428418,0.12058598010196588
1.1,0,SMG,Ctrl-1,0.09497073288186073,0.07000597184661558,0.12761650395661966
1.1500000000000001,0,SMG,Ctrl-1,0.10150080771744263,0.07557844899803967,0.1350156067748145
1.2000000000000002,0,SMG,Ctrl-1,0.10842609074422656,0.08154057290571107,0.14279804681385191
1.25,0,SMG,Ctrl-1,0.1157630002271702,0.08791084161033576,0.15097868252623312
1.3,0,SMG,Ctrl-1,0.12352759329516724,0.0947072072070039,0.159572408112336
1.35,0,SMG,Ctrl-1,0.1317353931212303,0.1019468029402155,0.16859407722871414
1.4000000000000001,0,SMG,Ctrl-1,0.14040119889141967,0.10964564278148385,0.17805841203820089
1.4500000000000002,0,SMG,Ctrl-1,0.14953887917691036,0.117818297204495,0.18797989400858825
1.5,0,SMG,Ctrl-1,0.1591611498363966,0.1264775509609549,0.19837263197950486
1.55,0,SMG,Ctrl-1,0.16927933815879898,0.13563405104105877,0.2092502020787878
1.6,0,SMG,Ctrl-1,0.17990313560152008,0.14529595556505134,0.22062545318653845
1.6500000000000001,0,SMG,Ctrl-1,0.1910403421748381,0.15546859690477371,0.232510270988519
1.7000000000000002,0,SMG,Ctrl-1,0.20269660625039218,0.16615417458977186,0.2449152934771691
1.75,0,SMG,Ctrl-1,0.2148751643070719,0.17735149512940543,0.25784957136743997
1.8,0,SMG,Ctrl-1,0.22757658584095822,0.1890557763266532,0.27132016866184083
1.85,0,SMG,Ctrl-1,0.2407985293216621,0.2012585325043295,0.2853317018779527
1.9000000000000001,0,SMG,Ctrl-1,0.2545355156352322,0.2139475539308199,0.29988582148481907
1.9500000000000002,0,SMG,Ctrl-1,0.26877872587045365,0.22710698846213226,0.3149806458846793
2,0,SMG,Ctrl-1,0.2835158305366844,0.2407175262139799,0.33061016645346086
2.0500000000000003,0,SMG,Ctrl-1,0.2987308573051702,0.25475667960541043,0.34676365088859007
2.1,0,SMG,Ctrl-1,0.3144041041050812,0.26919914249131427,0.3634250801394063
2.15,0,SMG,Ctrl-1,0.3305121038522094,0.2840172047390778,0.3805726599827039
2.2,0,SMG,Ctrl-1,0.34702764622663484,0.2991811939101853,0.39817845038099553
2.25,0,SMG,Ctrl-1,0.36391986074575094,0.3146599146953274,0.41620815310826054
2.3000000000000003,0,SMG,Ctrl-1,0.3811543639190668,0.33042105971643065,0.43462109052945586
2.35,0,SMG,Ctrl-1,0.3986934715591313,0.3464315716892082,0.45337039659940803
2.4000000000000004,0,SMG,Ctrl-1,0.41649647541640383,0.3626579454453381,0.4724034266383438
2.45,0,SMG,Ctrl-1,0.4345199812805205,0.37906646728356713,0.49166237722161654
2.5,0,SMG,Ctrl-1,0.4527183036363997,0.39562339697426346,0.5110850935364516
2.5500000000000003,0,SMG,Ctrl-1,0.47104390998058127,0.4122951033615644,0.5306060303178062
2.6,0,SMG,Ctrl-1,0.48944790609380273,0.42904816741618956,0.5501573248303189
2.6500000000000004,0,SMG,Ctrl-1,0.5078805520285196,0.445849466930625,0.5696699365019988
2.7,0,SMG,Ctrl-1,0.526291797391703,0.46266625538781897,0.5890748074150516
2.75,0,SMG,Ctrl-1,0.5446318237522108,0.47946624463541637,0.6083040003021384
2.8000000000000003,0,SMG,Ctrl-1,0.5628515817226333,0.49621769759980455,0.6272917752648987
2.85,0,SMG,Ctrl-1,0.5809033104744655,0.5128895339643488,0.645975572439938
2.9000000000000004,0,SMG,Ctrl-1,0.5987410281302452,0.5294514488964888,0.6642968746932415
2.95,0,SMG,Ctrl-1,0.6163209825964434,0.545874042728489,0.6822019316395719
3,0,SMG,Ctrl-1,0.6336020538911715,0.5621289580171694,0.6996423334630432
0,6.5,SMG,Ctrl-1,0.03299908348167076,0.021415370281478663,0.05052499984315194
0.05,6.5,SMG,Ctrl-1,0.035278990648945914,0.023116062071380703,0.05349123050459846
0.1,6.5,SMG,Ctrl-1,0.03771027385214532,0.02494694434118498,0.056624349560804865
0.15000000000000002,6.5,SMG,Ctrl-1,0.040302111386935416,0.026917209701214556,0.059932878502390693
0.2,6.5,SMG,Ctrl-1,0.04306411466333945,0.02903657560078448,0.0634256733630248
0.25,6.5,SMG,Ctrl-1,0.04600633074734383,0.031315293684119706,0.0671119262759713
0.30000000000000004,6.5,SMG,Ctrl-1,0.049139241845812774,0.0337641553683512,0.07100116549995117
0.35000000000000003,6.5,SMG,Ctrl-1,0.052473761228691934,0.03639449282701319,0.07510325372042972
0.4,6.5,SMG,Ctrl-1,0.0560212250387223,0.03921817446784746,0.07942838441714418
0.45,6.5,SMG,Ctrl-1,0.059793379396418336,0.04224759389873255,0.08398707607117878
0.5,6.5,SMG,Ctrl-1,0.06380236216827685,0.04549565128360101,0.088790163964167515
0.55,6.5,SMG,Ctrl-1,0.0680606787307535,0.048975725905804686,0.09384878929687536
0.6000000000000001,6.5,SMG,Ctrl-1,0.07258117103347775,0.05270163868540333,0.09917438532262021
0.65,6.5,SMG,Ctrl-1,0.07737697924480096,0.05668760334668089,0.10477866015031848
0.7000000000000001,6.5,SMG,Ctrl-1,0.0824614952537658,0.060948164911993105,0.11067357581927148
0.75,6.5,SMG,Ctrl-1,0.08784830730794925,0.06549812421885534,0.1168713231793263
0.8,6.5,SMG,Ctrl-1,0.09355113508967566,0.07035244723197996,0.12338429202117795
0.8500000000000001,6.5,SMG,Ctrl-1,0.09958375457738236,0.07552615806562336,0.13022503578709127
0.9,6.5,SMG,Ctrl-1,0.1059599121081697,0.08103421486045172,0.13740623004658303
0.9500000000000001,6.5,SMG,Ctrl-1,0.11269322715556875,0.08689136799038798,0.1449406237390901
1,6.5,SMG,Ctrl-1,0.11979708346697544,0.09311200052536832,0.15284098196179682
1.05,6.5,SMG,Ctrl-1,0.127284508371406,0.09970995146025832,0.1611200188134167
1.1,6.5,SMG,Ctrl-1,0.13516804027302357,0.10669832294812209,0.16979031849593273
1.1500000000000001,6.5,SMG,Ctrl-1,0.14345958459124789,0.11408927364898139,0.17886424253532193
1.2000000000000002,6.5,SMG,Ctrl-1,0.15217025869496822,0.12189380131158534,0.18835382062880562
1.25,6.5,SMG,Ctrl-1,0.16131022670569264,0.1301215188158676,0.19827062229433745
1.3,6.5,SMG,Ctrl-1,0.1708885254097343,0.1387804290644773,0.2086256062404598
1.35,6.5,SMG,Ctrl-1,0.18091288291781943,0.14787670524176758,0.2194289442653162
1.4000000000000001,6.5,SMG,Ctrl-1,0.19138953213429669,0.15741448394650998,0.23068981662846494
1.4500000000000002,6.5,SMG,Ctrl-1,0.20232302153703652,0.16739567941142333,0.24241617633207244
1.5,6.5,SMG,Ctrl-1,0.21371602620979602,0.1778198272915286,0.25461448072014564
1.55,6.5,SMG,Ctrl-1,0.22556916249495365,0.1886839661783613,0.26728939036460014
1.6,6.5,SMG,Ctrl-1,0.23788081002703737,0.19998256395135497,0.2804434374237438
1.6500000000000001,6.5,SMG,Ctrl-1,0.2506469452450571,0.21170749424917507,0.29407666852598763
1.7000000000000002,6.5,SMG,Ctrl-1,0.2638609907414518,0.2238480657716107,0.3081862706341097
1.75,6.5,SMG,Ctrl-1,0.2775136849640968,0.23639110397451854,0.32276619203535933
1.8,6.5,SMG,Ctrl-1,0.2915929768226844,0.24932108129790795,0.33780677419912986
1.85,6.5,SMG,Ctrl-1,0.3060839496415497,0.26262028877944327,0.35329441326547484
1.9000000000000001,6.5,SMG,Ctrl-1,0.32096877863123086,0.2762690392064244,0.36921127186166053
1.9500000000000002,6.5,SMG,Ctrl-1,0.3362267256099311,0.2902458902591686,0.385535062342005
2,6.5,SMG,Ctrl-1,0.35183417408997336,0.304527875670407,0.40223892112574905
2.0500000000000003,6.5,SMG,Ctrl-1,0.36776470705827774,0.3190907333324283,0.4192913905285022
2.1,6.5,SMG,Ctrl-1,0.38398922883830455,0.33390912135679507,0.436656519574817
2.15,6.5,SMG,Ctrl-1,0.40047613134814175,0.3489568159627242,0.4542940892086205
2.2,6.5,SMG,Ctrl-1,0.41719150389936177,0.364206888257479,0.47215996069984184
2.25,6.5,SMG,Ctrl-1,0.4340993844563752,0.3796318599864589,0.49020653953027227
2.3000000000000003,6.5,SMG,Ctrl-1,0.45116204904531504,0.3952038407749238,0.5083833412071318
2.35,6.5,SMG,Ctrl-1,0.46834033481823373,0.41089465101567774,0.5266376407273242
2.4000000000000004,6.5,SMG,Ctrl-1,0.4855939911968683,0.4266759353083831,0.5449151840465967
2.45,6.5,SMG,Ctrl-1,0.5028820525923687,0.4425192713060072,0.5631609379717196
2.5,6.5,SMG,Ctrl-1,0.5201632254693661,0.45839627815135003,0.5813198543308052
2.5500000000000003,6.5,SMG,Ctrl-1,0.537396282031719,0.4742787276142635,0.5993376249372311
2.6,6.5,SMG,Ctrl-1,0.5545404525787614,0.49013865978677595,0.6171614055477642
2.6500000000000004,6.5,SMG,Ctrl-1,0.5715558086268544,0.5059485039413903,0.6347404895085165
2.7,6.5,SMG,Ctrl-1,0.5884036292090845,0.5216812040392815,0.6520269148662052
2.75,6.5,SMG,Ctrl-1,0.6050467433394553,0.5373103474696659,0.6689759921892539
2.8000000000000003,6.5,SMG,Ctrl-1,0.6214498424271758,0.5528102949441913,0.6855467439993267
2.85,6.5,SMG,Ctrl-1,0.6375797574112267,0.5681563090621796,0.7017022503810824
2.9000000000000004,6.5,SMG,Ctrl-1,0.6534056965067765,0.583324678882793,0.7174098988575324
2.95,6.5,SMG,Ctrl-1,0.668899440660132,0.5982928378552343,0.7326415398544995
3,6.5,SMG,Ctrl-1,0.6840354950434381,0.6130394726290321,0.7473735519212142
0,13,SMG,Ctrl-1,0.0363059282737169,0.024145025585294858,0.054251291702526454
0.05,13,SMG,Ctrl-1,0.03879722833054408,0.026043670415939628,0.05742793880980858
0.1,13,SMG,Ctrl-1,0.04145212722498293,0.028085496504498736,0.06078244790724023
0.15000000000000002,13,SMG,Ctrl-1,0.04428033182445938,0.03028033682870158,0.0643238105589508
0.2,13,SMG,Ctrl-1,0.04729197951860162,0.03263854605594293,0.06806136189136873
0.25,13,SMG,Ctrl-1,0.0504976362934118,0.03517100285219464,0.0720047810158948
0.30000000000000004,13,SMG,Ctrl-1,0.05390829108576589,0.03788910718145454,0.07616408972466884
0.35000000000000003,13,SMG,Ctrl-1,0.05753534586248908,0.04080477166638049,0.08054964923675385
0.4,13,SMG,Ctrl-1,0.06139060082772504,0.043930405994044706,0.08517215474875013
0.45,13,SMG,Ctrl-1,0.06548623412504025,0.04727889327040958,0.09004262751549984
0.5,13,SMG,Ctrl-1,0.06983477536843306,0.05086355715845159,0.09517240415132351
0.55,13,SMG,Ctrl-1,0.07444907231122244,0.05469811858453853,0.10057312279779658
0.6000000000000001,13,SMG,Ctrl-1,0.07934224994607383,0.05879664077398681,0.10625670574747229
0.65,13,SMG,Ctrl-1,0.084527661325898,0.06317346138970945,0.11223533804056468
0.7000000000000001,13,SMG,Ctrl-1,0.09001882940707985,0.06784311060932322,0.11852144145918692
0.75,13,SMG,Ctrl-1,0.09582937924676152,0.07282021409952648,0.12512764322646006
0.8,13,SMG,Ctrl-1,0.10197295993825052,0.07811938004688895,0.13206673857061008
0.8500000000000001,13,SMG,Ctrl-1,0.10846315574670347,0.0837550696970829,0.13935164613218387
0.9,13,SMG,Ctrl-1,0.115313386014685,0.08974145125535662,0.14699535497196498
0.9500000000000001,13,SMG,Ctrl-1,0.12253679354750256,0.0960922375230687,0.15501086167663378
1,13,SMG,Ctrl-1,0.13014612136444975,0.10282050829728681,0.1634110957615396
1.05,13,SMG,Ctrl-1,0.13815357791671554,0.10993851934417388,0.17220883124470063
1.1,13,SMG,Ctrl-1,0.14657069112722826,0.11745750066181548,0.18141658193271534
1.1500000000000001,13,SMG,Ctrl-1,0.1554081519023805,0.12538744774777735,0.19104647765048843
1.2000000000000002,13,SMG,Ctrl-1,0.16467564809902788,0.13373691063352278,0.20111011841204057
1.25,13,SMG,Ctrl-1,0.17438169029904227,0.14251278646960228,0.2116184034379868
1.3,13,SMG,Ctrl-1,0.18453343114235973,0.15172012234361185,0.22258133206459962
1.35,13,SMG,Ctrl-1,0.19513648038961576,0.16136193566492094,0.23400777406301315
1.4000000000000001,13,SMG,Ctrl-1,0.20619471831601827,0.17143905971867765,0.2459052078037532
1.4500000000000002,13,SMG,Ctrl-1,0.21771011046507596,0.18195002174084268,0.25827942615778965
1.5,13,SMG,Ctrl-1,0.2296825271973758,0.19289095998633682,0.2711342120802173
1.55,13,SMG,Ctrl-1,0.24210957183647347,0.20425558470082977,0.2844709884690248
1.6,13,SMG,Ctrl-1,0.25498642151982837,0.2160351856975929,0.29828845002577953
1.6500000000000001,13,SMG,Ctrl-1,0.2683056850851172,0.2282186865282594,0.31258218824828626
1.7000000000000002,13,SMG,Ctrl-1,0.2820572824386368,0.2407927422778658,0.32734432402280955
1.75,13,SMG,Ctrl-1,0.29622834984148555,0.2537418751580609,0.34256316513355223
1.8,13,SMG,Ctrl-1,0.31080317539216945,0.2670486397037791,0.35822290791945943
1.85,13,SMG,Ctrl-1,0.325763168666896,0.28069380784790865,0.37430340288475406
1.9000000000000001,13,SMG,Ctrl-1,0.3410868679927583,0.29465656369141274,0.3907800030486138
1.9500000000000002,13,SMG,Ctrl-1,0.3567499881733426,0.3089146984652291,0.4076235111422569
2,13,SMG,Ctrl-1,0.37272551066873727,0.32344479786285657,0.42480023759766655
2.0500000000000003,13,SMG,Ctrl-1,0.3889838172695516,0.33822241630900596,0.4422721759938812
2.1,13,SMG,Ctrl-1,0.4054928672239777,0.35322223542011305,0.459997296742148
2.15,13,SMG,Ctrl-1,0.42221841661378645,0.3684182064944428,0.4779299538519355
2.2,13,SMG,Ctrl-1,0.4391242775727727,0.3837836790001374,0.49602139413156493
2.25,13,SMG,Ctrl-1,0.45617261374873,0.3992915184905712,0.5142203535346551
2.3000000000000003,13,SMG,Ctrl-1,0.4733242672797607,0.4149142180918419,0.5324737218193555
2.35,13,SMG,Ctrl-1,0.49053911153997126,0.4306240077278612,0.55072725435427
2.4000000000000004,13,SMG,Ctrl-1,0.5077764230574158,0.44639296471339307,0.5689263087807082
2.45,13,SMG,Ctrl-1,0.5249952653610082,0.46219312843702837,0.5870165842411373
2.5,13,SMG,Ctrl-1,0.5421548771060593,0.4779966207600357,0.6049448418742805
2.5500000000000003,13,SMG,Ctrl-1,0.5592150566811355,0.49377577263378797,0.622659587097663
2.6,13,SMG,Ctrl-1,0.5761365356198267,0.5095032564089443,0.6401116966768542
2.6500000000000004,13,SMG,Ctrl-1,0.5928813335233861,0.525152222451638,0.6572549765424417
2.7,13,SMG,Ctrl-1,0.6094130878242412,0.5406964380352373,0.6740466395874581
2.75,13,SMG,Ctrl-1,0.6256973525541804,0.5561104260502074,0.6904476960912727
2.8000000000000003,13,SMG,Ctrl-1,0.6417018612828608,0.5713696008575242,0.7064232528116738
2.85,13,SMG,Ctrl-1,0.6573967505136452,0.5864503985784636,0.7219427200204521
2.9000000000000004,13,SMG,Ctrl-1,0.6727547410124707,0.6013303992342605,0.7369799287047288
2.95,13,SMG,Ctrl-1,0.6877512757490896,0.615988438390002,0.75151316271749
3,13,SMG,Ctrl-1,0.7023646142990242,0.6304047062859491,0.7655251127661397
0,19.5,SMG,Ctrl-1,0.0269977003125076,0.016681004812612754,0.0434132589633044
0.05,19.5,SMG,Ctrl-1,0.028849790888746764,0.018008702669740122,0.0459119955844314
0.1,19.5,SMG,Ctrl-1,0.03082491301104601,0.019439063251798137,0.048549492313782305
0.15000000000000002,19.5,SMG,Ctrl-1,0.032930671261957985,0.020979546635031706,0.05133286113767331
0.2,19.5,SMG,Ctrl-1,0.03517506033830924,0.022638078083561736,0.05426951141156683
0.25,19.5,SMG,Ctrl-1,0.03756647361556123,0.02442306433414086,0.05736715488274893
0.30000000000000004,19.5,SMG,Ctrl-1,0.04011371006163204,0.026343408125178665,0.06063380992922659
0.35000000000000003,19.5,SMG,Ctrl-1,0.04282597915799255,0.028408520436679633,0.06407780490566806
0.4,19.5,SMG,Ctrl-1,0.04571290344830458,0.030628329828012762,0.06770778048095544
0.45,19.5,SMG,Ctrl-1,0.048784518296059676,0.0330132881746282,0.07153269084544464
0.5,19.5,SMG,Ctrl-1,0.052051268393189506,0.03557437201387801,0.07556180365902583
0.55,19.5,SMG,Ctrl-1,0.0555240005222102,0.038323078615459534,0.07980469860305857
0.6000000000000001,19.5,SMG,Ctrl-1,0.059213952036101324,0.04127141579587274,0.08427126438948139
0.65,19.5,SMG,Ctrl-1,0.0631327344839912,0.04443188440173581,0.08897169406778897
0.7000000000000001,19.5,SMG,Ctrl-1,0.06729231177827247,0.047817452298018724,0.09391647845360902
0.75,19.5,SMG,Ctrl-1,0.07170497227171527,0.051441518619725124,0.09911639747922295
0.8,19.5,SMG,Ctrl-1,0.07638329409348768,0.05531786698636801,0.10458250923376983
0.8500000000000001,19.5,SMG,Ctrl-1,0.08134010308302872,0.05946060634665345,0.11032613641542836
0.9,19.5,SMG,Ctrl-1,0.086588422663032,0.06388409812708043,0.1163588498549537
0.9500000000000001,19.5,SMG,Ctrl-1,0.09214141501024765,0.06860286841589149,0.12269244868384878
1,19.5,SMG,Ctrl-1,0.09801231291846871,0.07363150403844519,0.1293389366043049
1.05,19.5,SMG,Ctrl-1,0.1042143418051866,0.07898453158922042,0.13631049356401292
1.1,19.5,SMG,Ctrl-1,0.1107606313952843,0.08467627879851586,0.1436194419385035
1.1500000000000001,19.5,SMG,Ctrl-1,0.11766411672504377,0.09072071804830162,0.15127820606844808
1.2000000000000002,19.5,SMG,Ctrl-1,0.1249374282507033,0.09713129243037148,0.15929926368236724
1.25,19.5,SMG,Ctrl-1,0.13259277102042819,0.10392072547598619,0.16769508735302668
1.3,19.5,SMG,Ctrl-1,0.14064179307879707,0.11110081658715586,0.17647807369158724
1.35,19.5,SMG,Ctrl-1,0.14909544351977763,0.11868222526057275,0.1856604574912491
1.4000000000000001,19.5,SMG,Ctrl-1,0.15796382088744734,0.1266742483920298,0.19525420752159056
1.4500000000000002,19.5,SMG,Ctrl-1,0.16725601294163564,0.13508459623188726,0.2052709001978972
1.5,19.5,SMG,Ctrl-1,0.1769799291545867,0.14391917384755795,0.2157215669858591
1.55,19.5,SMG,Ctrl-1,0.1871421276788678,0.15318187611569137,0.226616511261506
1.6,19.5,SMG,Ctrl-1,0.19774763891788288,0.16287440515489954,0.23796509056954723
1.6500000000000001,19.5,SMG,Ctrl-1,0.20879978822774156,0.17299611952918378,0.24977546097148376
1.7000000000000002,19.5,SMG,Ctrl-1,0.22030002066955007,0.18354392430169594,0.26205428160928457
1.75,19.5,SMG,Ctrl-1,0.23224773109862343,0.19451220992006693,0.2748063798586491
1.8,19.5,SMG,Ctrl-1,0.24464010320372764,0.20589284585955436,0.28803438055611763
1.85,19.5,SMG,Ctrl-1,0.25747196137567635,0.21767523195122354,0.3017383066750244
1.9000000000000001,19.5,SMG,Ctrl-1,0.27073563947002705,0.22984640655750319,0.31591516324369134
1.9500000000000002,19.5,SMG,Ctrl-1,0.28442087061298066,0.2423912065887679,0.33055852080716863
2,19.5,SMG,Ctrl-1,0.29851470216399134,0.25529247030257396,0.3456581187382586
2.0500000000000003,19.5,SMG,Ctrl-1,0.3130014397768558,0.2685312704927257,0.36119951154103436
2.1,19.5,SMG,Ctrl-1,0.3278626241811457,0.28208716361814046,0.377163782354901
2.15,19.5,SMG,Ctrl-1,0.3430770438313448,0.2959384400237928,0.39352734675453716
2.2,19.5,SMG,Ctrl-1,0.3586207859423422,0.3100623617640843,0.4102618665611066
2.25,19.5,SMG,Ctrl-1,0.3744673276553084,0.32443537742302386,0.4273342880029943
2.3000000000000003,19.5,SMG,Ctrl-1,0.3905876681741302,0.3390333072266506,0.4447070117748412
2.35,19.5,SMG,Ctrl-1,0.406950501704704,0.35383149599551866,0.46233819511805635
2.4000000000000004,19.5,SMG,Ctrl-1,0.4235224299506618,0.3688049354234103,0.48018217879073244
2.45,19.5,SMG,Ctrl-1,0.4402682118093893,0.38392836026930605,0.49819002539692353
2.5,19.5,SMG,Ctrl-1,0.45715104681634205,0.3991763250175236,0.5163101504757128
2.5500000000000003,19.5,SMG,Ctrl-1,0.4741328878509958,0.41452326834367587,0.5344890242360164
2.6,19.5,SMG,Ctrl-1,0.4911747776914412,0.42994357246873616,0.5526719198764107
2.6500000000000004,19.5,SMG,Ctrl-1,0.5082372032306145,0.4454116234590113,0.570803683913038
2.7,19.5,SMG,Ctrl-1,0.5252804605833304,0.4609018770459176,0.5888295046351935
2.75,19.5,SMG,Ctrl-1,0.5422650239489228,0.47638893288256473,0.6066956564757396
2.8000000000000003,19.5,SMG,Ctrl-1,0.5591519109678776,0.49184761854903036,0.6243502004904041
2.85,19.5,SMG,Ctrl-1,0.5759030374288705,0.5072530832150878,0.6417436240790192
2.9000000000000004,19.5,SMG,Ctrl-1,0.592481554539032,0.522580899748139,0.6588294063706305
2.95,19.5,SMG,Ctrl-1,0.6088521625469426,0.53780717324014,0.6755644991707124
3,19.5,SMG,Ctrl-1,0.6249813952759171,0.5529086534071965,0.69190971688477
