Time,Dose_f,1g,SMG,diff
0,0,0.02153167852482617,0.020299181268323464,-0.001232497256502707
0.05,0,0.022989216263753793,0.021818708725228675,-0.001170507538525118
0.1,0,0.0245429438782212,0.023449260283594363,-0.001093683594626839
0.15000000000000002,0,0.026198864425585593,0.02519852687587642,-0.0010003375497091745
0.2,0,0.027963307658998685,0.02707466730333878,-8.886403556599039e-4
0.25,0,0.02984294105676867,0.02908632657817503,-7.566144785936396e-4
0.30000000000000004,0,0.03184478019791341,0.031242653290892222,-6.021269070211888e-4
0.35000000000000003,0,0.03397619828479368,0.03355331563938735,-4.2288264540633197e-4
0.4,0,0.03624493458739143,0.03602851570151896,-2.164188858724686e-4
0.45,0,0.03865910155556422,0.0386790014737441,1.9899918179876186e-5
0.5,0,0.04122719031558815,0.041516076134816476,2.888858192283267e-4
0.55,0,0.0439580742357029,0.044551603926098436,5.935296903955348e-4
0.6000000000000001,0,0.046861010212494746,0.0477980119694647,9.370017569699518e-4
0.65,0,0.04994563729620802,0.051268287271121704,0.0013226499749136866
0.7000000000000001,0,0.053221972239010616,0.05497596808636631,0.0017539958473556938
0.75,0,0.05670040151654855,0.05893512874823405,0.002234727231685496
0.8,0,0.06039166934068555,0.06316035699452428,0.002768687653838732
0.8500000000000001,0,0.06430686115119555,0.06766672276578692,0.0033598616145913696
0.9,0,0.06845738204763796,0.07246973739508891,0.004012355347450952
0.9500000000000001,0,0.07285492960120346,0.07758530207299234,0.004730372471788882
1,0,0.07751146047170417,0.08302964445309108,0.005518183981386912
1.05,0,0.08243915024908756,0.08881924227027833,0.006380092021190775
1.1,0,0.08765034594407625,0.09497073288186073,0.007320386937784473
1.1500000000000001,0,0.09315751057120965,0.10150080771744263,0.008343297146232984
1.2000000000000002,0,0.09897315930227499,0.10842609074422656,0.00945293144195157
1.25,0,0.10510978672158165,0.1157630002271702,0.010653213505588552
1.3,0,0.11157978478949948,0.12352759329516724,0.011947808505667762
1.35,0,0.11839535121982404,0.1317353931212303,0.013340041901406266
1.4000000000000001,0,0.12556838810232254,0.14040119889141967,0.014832810789097123
1.4500000000000002,0,0.13311039075634157,0.14953887917691036,0.016428488420568793
1.5,0,0.14103232698615567,0.1591611498363966,0.018128822850240922
1.55,0,0.14934450712453443,0.16927933815879898,0.01993483103426455
1.6,0,0.15805644549750938,0.17990313560152008,0.02184669010401069
1.6500000000000001,0,0.16717671421894312,0.1910403421748381,0.023863627955894973
1.7000000000000002,0,0.17671279052512118,0.20269660625039218,0.025983815725271003
1.75,0,0.18667089918230145,0.2148751643070719,0.02820426512477045
1.8,0,0.19705585183711724,0.22757658584095822,0.030520734003840977
1.85,0,0.20787088552200067,0.2407985293216621,0.03292764379966143
1.9000000000000001,0,0.21911750286432716,0.2545355156352322,0.03541801277090503
1.9500000000000002,0,0.23079531686572669,0.26877872587045365,0.037983409004726965
2,0,0.24290190340214377,0.2835158305366844,0.04061392713454062
2.0500000000000003,0,0.255432664829592,0.2987308573051702,0.0432981924755782
2.1,0,0.2683807082482259,0.3144041041050812,0.046023395856855276
2.15,0,0.2817367420614889,0.3305121038522094,0.048775361790720506
2.2,0,0.2954889944517782,0.34702764622663484,0.05153865177485667
2.25,0,0.3096231572655086,0.36391986074575094,0.05429670348024235
2.3000000000000003,0,0.32412235854802696,0.3811543639190668,0.05703200537103986
2.35,0,0.3389671665862706,0.3986934715591313,0.059726304972860744
2.4000000000000004,0,0.3541356278035639,0.41649647541640383,0.06236084761283994
2.45,0,0.3696033402118658,0.4345199812805205,0.06491664106865469
2.5,0,0.3853435633743851,0.4527183036363997,0.06737474026201462
2.5500000000000003,0,0.4013273649848933,0.47104390998058127,0.06971654499568797
2.6,0,0.4175238032551432,0.48944790609380273,0.07192410283865952
2.6500000000000004,0,0.4339001433501522,0.5078805520285196,0.07398040867836736
2.7,0,0.4504221051588824,0.526291797391703,0.07586969223282053
2.75,0,0.4670541387739212,0.5446318237522108,0.07757768497828954
2.8000000000000003,0,0.48375972321755917,0.5628515817226333,0.07909185850507411
2.85,0,0.5005016832309607,0.5809033104744655,0.08040162724350486
2.9000000000000004,0,0.5172425183715273,0.5987410281302452,0.08149850975871786
2.95,0,0.5339447382684632,0.6163209825964434,0.08237624432798019
3,0,0.5505711976871979,0.6336020538911715,0.08303085620397366
0,6.5,0.02802109004517027,0.03299908348167076,0.0049779934365004885
0.05,6.5,0.029845827267851427,0.035278990648945914,0.005433163381094487
0.1,6.5,0.03178550576156206,0.03771027385214532,0.00592476809058326
0.15000000000000002,6.5,0.03384684586148419,0.040302111386935416,0.006455265525451226
0.2,6.5,0.0360368915075116,0.04306411466333945,0.007027223155827857
0.25,6.5,0.03836301640306871,0.04600633074734383,0.007643314344275121
0.30000000000000004,6.5,0.040832928844876576,0.049139241845812774,0.008306313000936198
0.35000000000000003,6.5,0.043454674971255915,0.052473761228691934,0.00901908625743602
0.4,6.5,0.04623664015090675,0.0560212250387223,0.00978458488781555
0.45,6.5,0.04918754820775476,0.059793379396418336,0.010605831188663574
0.5,6.5,0.052316458150799015,0.06380236216827685,0.011485904017477837
0.55,6.5,0.05563275805142563,0.0680606787307535,0.012427920679327867
0.6000000000000001,6.5,0.05914615568498696,0.07258117103347775,0.013435015348490786
0.65,6.5,0.06286666552933694,0.07737697924480096,0.014510313715464018
0.7000000000000001,6.5,0.06680459169136102,0.0824614952537658,0.015656903562404775
0.75,6.5,0.07097050631440296,0.08784830730794925,0.016877800993546285
0.8,6.5,0.07537522300609949,0.09355113508967566,0.018175912083576176
0.8500000000000001,6.5,0.08002976481888532,0.09958375457738236,0.019553989758497037
0.9,6.5,0.0849453263158898,0.1059599121081697,0.021014585792279897
0.9500000000000001,6.5,0.09013322926484359,0.11269322715556875,0.02255999789072516
1,6.5,0.09560487152379887,0.11979708346697544,0.02419221194317657
1.05,6.5,0.10137166871691944,0.127284508371406,0.02591283965448657
1.1,6.5,0.10744498834831966,0.13516804027302357,0.02772305192470391
1.1500000000000001,6.5,0.11383607606894833,0.14345958459124789,0.029623508522299558
1.2000000000000002,6.5,0.12055597389773114,0.15217025869496822,0.03161428479723709
1.25,6.5,0.12761543030532418,0.16131022670569264,0.03369479640036846
1.3,6.5,0.13502480219829313,0.1708885254097343,0.035863723211441156
1.35,6.5,0.14279394899424294,0.18091288291781943,0.03811893392357649
1.4000000000000001,6.5,0.15093211915470192,0.19138953213429669,0.040457412979594765
1.4500000000000002,6.5,0.1594478297419167,0.20232302153703652,0.04287519179511981
1.5,6.5,0.16834873978669082,0.21371602620979602,0.045367286423105196
1.55,6.5,0.17764151849439638,0.22556916249495365,0.04792764400055727
1.6,6.5,0.18733170957140588,0.23788081002703737,0.05054910045563149
1.6500000000000001,6.5,0.19742359321910738,0.2506469452450571,0.053223352025949716
1.7000000000000002,6.5,0.20792004761057112,0.2638609907414518,0.05594094313088069
1.75,6.5,0.21882241192749602,0.2775136849640968,0.058691273036600766
1.8,6.5,0.2301303532825521,0.2915929768226844,0.06146262354013232
1.85,6.5,0.24184174007365095,0.3060839496415497,0.06424220956789878
1.9000000000000001,6.5,0.2539525245000951,0.32096877863123086,0.06701625413113577
1.9500000000000002,6.5,0.266456637103521,0.3362267256099311,0.06977008850641009
2,6.5,0.27934589626661543,0.35183417408997336,0.07248827782335793
2.0500000000000003,6.5,0.2926099355979879,0.36776470705827774,0.07515477146028982
2.1,6.5,0.30623615204196797,0.38398922883830455,0.07775307679633658
2.15,6.5,0.32020967736931594,0.40047613134814175,0.08026645397882581
2.2,6.5,0.3345133754237503,0.41719150389936177,0.08267812847561146
2.25,6.5,0.3491278671184149,0.4340993844563752,0.08497151733796027
2.3000000000000003,6.5,0.364031584698904,0.45116204904531504,0.08713046434641103
2.35,6.5,0.3792008562230021,0.46834033481823373,0.08913947859523164
2.4000000000000004,6.5,0.39461002056464223,0.4855939911968683,0.09098397063222607
2.45,6.5,0.41023157254831427,0.5028820525923687,0.09265048004405446
2.5,6.5,0.4260363370822794,0.5201632254693661,0.09412688838708672
2.5500000000000003,6.5,0.44199367041000315,0.537396282031719,0.09540261162171582
2.6,6.5,0.45807168586726843,0.5545404525787614,0.09646876671149296
2.6500000000000004,6.5,0.4742375008465422,0.5715558086268544,0.0973183077803122
2.7,6.5,0.49045750105894204,0.5884036292090845,0.09794612815014248
2.75,6.5,0.5066976176740637,0.6050467433394553,0.09834912566539156
2.8000000000000003,6.5,0.5229236125316488,0.6214498424271758,0.09852622989552706
2.85,6.5,0.5391013663742166,0.6375797574112267,0.09847839103701017
2.9000000000000004,6.5,0.555197164957596,0.6534056965067765,0.09820853154918052
2.95,6.5,0.5711779779610806,0.668899440660132,0.09772146269905135
3,6.5,0.5870117258376674,0.6840354950434381,0.09702376920577072
0,13,0.031758200538254094,0.0363059282737169,0.004547727735462803
0.05,13,0.03400585141393578,0.03879722833054408,0.004791376916608303
0.1,13,0.03640659591477085,0.04145212722498293,0.005045531310212084
0.15000000000000002,13,0.03896999068567084,0.04428033182445938,0.005310341138788539
0.2,13,0.04170606263665284,0.04729197951860162,0.005585916881948781
0.25,13,0.044625313334052924,0.0504976362934118,0.005872322959358876
0.30000000000000004,13,0.047738720176532315,0.05390829108576589,0.0061695709092335765
0.35000000000000003,13,0.05105773379107495,0.05753534586248908,0.006477612071414132
0.4,13,0.05459427103177289,0.06139060082772504,0.006796329795952148
0.45,13,0.05836070291269134,0.06548623412504025,0.007125531212348907
0.5,13,0.06236983675706324,0.06983477536843306,0.00746493861136982
0.55,13,0.06663489180042227,0.07444907231122244,0.00781418051080017
0.6000000000000001,13,0.07116946744736058,0.07934224994607383,0.008172782498713255
0.65,13,0.07598750335313699,0.084527661325898,0.008540157972761003
0.7000000000000001,13,0.08110323048553797,0.09001882940707985,0.008915598921541881
0.75,13,0.08653111232280425,0.09582937924676152,0.009298266923957271
0.8,13,0.09228577536408643,0.10197295993825052,0.009687184574164093
0.8500000000000001,13,0.09838192817412873,0.10846315574670347,0.010081227572574736
0.9,13,0.10483426825829406,0.115313386014685,0.010479117756390932
0.9500000000000001,13,0.1116573761723457,0.12253679354750256,0.010879417375156866
1,13,0.11886559641820695,0.13014612136444975,0.011280524946242806
1.05,13,0.12647290486653873,0.13815357791671554,0.01168067305017681
1.1,13,0.13449276268304006,0.14657069112722826,0.012077928444188202
1.1500000000000001,13,0.14293795702056722,0.1554081519023805,0.012470194881813279
1.2000000000000002,13,0.15182042907468013,0.16467564809902788,0.012855219024347747
1.25,13,0.16115109048541176,0.17438169029904227,0.013230599813630506
1.3,13,0.17093962949986688,0.18453343114235973,0.013593801642492853
1.35,13,0.18119430878280177,0.19513648038961576,0.013942171606813991
1.4000000000000001,13,0.19192175726644517,0.20619471831601827,0.014272961049573096
1.4500000000000002,13,0.20312675895370783,0.21771011046507596,0.014583351511368137
1.5,13,0.21481204211401456,0.2296825271973758,0.014870485083361251
1.55,13,0.22697807281793467,0.24210957183647347,0.015131499018538802
1.6,13,0.239622857221761,0.25498642151982837,0.015363564298067373
1.6500000000000001,13,0.2527417574095284,0.2683056850851172,0.015563927675588785
1.7000000000000002,13,0.26632732589913444,0.2820572824386368,0.015729956539502377
1.75,13,0.280369164092135,0.29622834984148555,0.015859185749350524
1.8,13,0.2948538099655624,0.31080317539216945,0.015949365426607076
1.85,13,0.3097646601439689,0.325763168666896,0.015998508522927057
1.9000000000000001,13,0.3250819311314221,0.3410868679927583,0.016004936861336194
1.9500000000000002,13,0.34078266391441564,0.3567499881733426,0.01596732425892694
2,13,0.3568407753652387,0.37272551066873727,0.015884735303498543
2.0500000000000003,13,0.37322715889006775,0.3889838172695516,0.015756658379483868
2.1,13,0.3899098355979958,0.4054928672239777,0.015583031625981902
2.15,13,0.40685415595003527,0.42221841661378645,0.015364260663751184
2.2,13,0.42402305042631483,0.4391242775727727,0.015101227146457896
2.25,13,0.44137732628097687,0.45617261374873,0.01479528746775316
2.3000000000000003,13,0.458876006000866,0.4733242672797607,0.014448261278894703
2.35,13,0.4764767017131695,0.49053911153997126,0.014062409826801736
2.4000000000000004,13,0.4941360185656887,0.5077764230574158,0.013640404491727098
2.45,13,0.5118099790935743,0.5249952653610082,0.013185286267433871
2.5,13,0.5294544598413158,0.5421548771060593,0.012700417264743469
2.5500000000000003,13,0.5470256310685367,0.5592150566811355,0.012189425612598725
2.6,13,0.5644803902568023,0.5761365356198267,0.011656145363024395
2.6500000000000004,13,0.5817767803582503,0.5928813335233861,0.011104553165135811
2.7,13,0.5988743842731868,0.6094130878242412,0.010538703551054351
2.75,13,0.6157346878831391,0.6256973525541804,0.009962664671041233
2.8000000000000003,13,0.632321405053368,0.6417018612828608,0.009380456229492795
2.85,13,0.648600759297909,0.6573967505136452,0.008795991215736265
2.9000000000000004,13,0.6645417182064539,0.6727547410124707,0.008213022806016768
2.95,13,0.6801161781983441,0.6877512757490896,0.007635097550745429
3,13,0.6952990986282883,0.7023646142990242,0.007065515670735878
0,19.5,0.024487111655244,0.0269977003125076,0.002510588657263599
0.05,19.5,0.026186369248948394,0.028849790888746764,0.0026634216397983697
0.1,19.5,0.02800016044439142,0.03082491301104601,0.002824752566654591
0.15000000000000002,19.5,0.029935721347680116,0.032930671261957985,0.002994949914277869
0.2,19.5,0.032000676339623765,0.03517506033830924,0.0031743839986854774
0.25,19.5,0.034203048943207526,0.03756647361556123,0.0033634246723537042
0.30000000000000004,19.5,0.0365512714078528,0.04011371006163204,0.0035624386537792332
0.35000000000000003,19.5,0.0390541927014567,0.04282597915799255,0.00377178645653585
0.4,19.5,0.0417210845637433,0.04571290344830458,0.0039918188845612795
0.45,19.5,0.044561645235014775,0.048784518296059676,0.0042228730610449
0.5,19.5,0.04758600043336799,0.052051268393189506,0.004465267959821516
0.55,19.5,0.05080470111140646,0.0555240005222102,0.0047192994108037414
0.6000000000000001,19.5,0.054228717481173645,0.059213952036101324,0.004985234554927678
0.65,19.5,0.0578694287544194,0.0631327344839912,0.005263305729571802
0.7000000000000001,19.5,0.061738608005583395,0.06729231177827247,0.0055537037726890726
0.75,19.5,0.06584840152849664,0.07170497227171527,0.005856570743218631
0.8,19.5,0.07021130202652419,0.07638329409348768,0.0061719920669634915
0.8500000000000001,19.5,0.07484011495175724,0.08134010308302872,0.006499988131271478
0.9,19.5,0.07974791729429777,0.086588422663032,0.006840505368734234
0.9500000000000001,19.5,0.08494800812037209,0.09214141501024765,0.0071934068898755615
1,19.5,0.09045385017096316,0.09801231291846871,0.0075584627475055455
1.05,19.5,0.0962790018641523,0.1042143418051866,0.007935339941034306
1.1,19.5,0.10243703909787596,0.1107606313952843,0.008323592297408339
1.1500000000000001,19.5,0.10894146632894071,0.11766411672504377,0.008722650396103065
1.2000000000000002,19.5,0.11580561651245869,0.1249374282507033,0.009131811738244608
1.25,19.5,0.12304253962677221,0.13259277102042819,0.009550231393655975
1.3,19.5,0.13066487968541637,0.14064179307879707,0.009976913393380693
1.35,19.5,0.1386847403520781,0.14909544351977763,0.010410703167699542
1.4000000000000001,19.5,0.14711353952826017,0.15796382088744734,0.01085028135918717
1.4500000000000002,19.5,0.15596185357659303,0.16725601294163564,0.011294159365042605
1.5,19.5,0.16523925217399427,0.1769799291545867,0.011740676980592446
1.55,19.5,0.17495412515472392,0.1871421276788678,0.01218800252414387
1.6,19.5,0.18511350309810265,0.19774763891788288,0.012634135819780234
1.6500000000000001,19.5,0.19572287383094372,0.20879978822774156,0.01307691439679784
1.7000000000000002,19.5,0.2067859974395344,0.22030002066955007,0.01351402323001566
1.75,19.5,0.21830472280635943,0.23224773109862343,0.013943008292263998
1.8,19.5,0.2302788090860362,0.24464010320372764,0.014361294117691437
1.85,19.5,0.24270575589401294,0.25747196137567635,0.014766205481663408
1.9000000000000001,19.5,0.255580646279468,0.27073563947002705,0.015154993190559019
1.9500000000000002,19.5,0.26889600676842074,0.28442087061298066,0.015524863844559922
2,19.5,0.2826416888721817,0.29851470216399134,0.015873013291809623
2.0500000000000003,19.5,0.29680477643903663,0.3130014397768558,0.01619666333781916
2.1,19.5,0.3113695230653082,0.3278626241811457,0.016493101115837516
2.15,19.5,0.3263173234618735,0.3430770438313448,0.01675972036947132
2.2,19.5,0.3416267221858757,0.3586207859423422,0.016994063756466504
2.25,19.5,0.35727346249422526,0.3744673276553084,0.01719386516108312
2.3000000000000003,19.5,0.3732305772634501,0.3905876681741302,0.017357090910680106
2.35,19.5,0.38946852296666273,0.406950501704704,0.01748197873804125
2.4000000000000004,19.5,0.40595535662938,0.4235224299506618,0.017567073321281823
2.45,19.5,0.4226569545369154,0.4402682118093893,0.017611257272473924
2.5,19.5,0.4395372702799412,0.45715104681634205,0.017613776536400838
2.5500000000000003,19.5,0.4565586285499693,0.4741328878509958,0.017574259301026462
2.6,19.5,0.47368204998436453,0.4911747776914412,0.01749272770707666
2.6500000000000004,19.5,0.4908676013624478,0.5082372032306145,0.017369601868166717
2.7,19.5,0.5080747646183336,0.5252804605833304,0.01720569596499688
2.75,19.5,0.5252628175039922,0.5422650239489228,0.017002206444930668
2.8000000000000003,19.5,0.5423912183397418,0.5591519109678776,0.016760692628135843
2.85,19.5,0.5594199871494929,0.5759030374288705,0.016483050279377576
2.9000000000000004,19.5,0.5763100756018179,0.592481554539032,0.016171478937214046
2.95,19.5,0.5930237185588901,0.6088521625469426,0.0158284439880525
3,19.5,0.6095247606538234,0.6249813952759171,0.015456634622093679
